CA_Number,PR_Number,PR_MU_Number,CA_Short_Name,PR_Short_Name,MU_Short_Name,HR_Flag,PR_MU
484,8,1,Quilly Spt,QUILUT,quilsw,1,8_1
351,14,5,LCROrT Spt,COLRIV,claklw,NA,14_5
351,14,6,LCROrT Spt,COLRIV,colrlh,NA,14_6
351,14,4,LCROrT Spt,COLRIV,clakew,NA,14_4
102,16,1,No Cal Trm,ORECAL,oresoh,NA,16_1
102,16,2,No Cal Trm,ORECAL,oresow,NA,16_2
102,16,3,No Cal Trm,ORECAL,calnoh,1,16_3
102,16,4,No Cal Trm,ORECAL,calnow,1,16_4
102,16,5,No Cal Trm,ORECAL,calcnh,NA,16_5
102,16,6,No Cal Trm,ORECAL,calcnw,NA,16_6
103,16,1,Cn Cal Trm,ORECAL,oresoh,NA,16_1
103,16,2,Cn Cal Trm,ORECAL,oresow,NA,16_2
103,16,3,Cn Cal Trm,ORECAL,calnoh,NA,16_3
103,16,4,Cn Cal Trm,ORECAL,calnow,NA,16_4
103,16,5,Cn Cal Trm,ORECAL,calcnh,1,16_5
103,16,6,Cn Cal Trm,ORECAL,calcnw,1,16_6
201,16,1,So Ore Trm,ORECAL,oresoh,1,16_1
201,16,2,So Ore Trm,ORECAL,oresow,1,16_2
201,16,3,So Ore Trm,ORECAL,calnoh,NA,16_3
201,16,4,So Ore Trm,ORECAL,calnow,NA,16_4
201,16,5,So Ore Trm,ORECAL,calcnh,NA,16_5
201,16,6,So Ore Trm,ORECAL,calcnw,NA,16_6
202,15,1,Or Prv Trm,OREGON,orecsh,NA,15_1
202,15,2,Or Prv Trm,OREGON,orecsw,NA,15_2
202,15,3,Or Prv Trm,OREGON,orenoh,NA,15_3
202,15,4,Or Prv Trm,OREGON,orenow,NA,15_4
202,15,5,Or Prv Trm,OREGON,orenmh,NA,15_5
202,15,6,Or Prv Trm,OREGON,orenmw,NA,15_6
202,15,7,Or Prv Trm,OREGON,oresmh,NA,15_7
202,15,8,Or Prv Trm,OREGON,oresmw,NA,15_8
202,15,9,Or Prv Trm,OREGON,oranah,1,15_9
202,15,10,Or Prv Trm,OREGON,oraqah,1,15_10
203,15,1,SMi Or Trm,OREGON,orecsh,NA,15_1
203,15,2,SMi Or Trm,OREGON,orecsw,NA,15_2
203,15,3,SMi Or Trm,OREGON,orenoh,NA,15_3
203,15,4,SMi Or Trm,OREGON,orenow,NA,15_4
203,15,5,SMi Or Trm,OREGON,orenmh,NA,15_5
203,15,6,SMi Or Trm,OREGON,orenmw,NA,15_6
203,15,7,SMi Or Trm,OREGON,oresmh,1,15_7
203,15,8,SMi Or Trm,OREGON,oresmw,1,15_8
203,15,9,SMi Or Trm,OREGON,oranah,NA,15_9
203,15,10,SMi Or Trm,OREGON,oraqah,NA,15_10
204,15,1,NMi Or Trm,OREGON,orecsh,NA,15_1
204,15,2,NMi Or Trm,OREGON,orecsw,NA,15_2
204,15,3,NMi Or Trm,OREGON,orenoh,NA,15_3
204,15,4,NMi Or Trm,OREGON,orenow,NA,15_4
204,15,5,NMi Or Trm,OREGON,orenmh,1,15_5
204,15,6,NMi Or Trm,OREGON,orenmw,1,15_6
204,15,7,NMi Or Trm,OREGON,oresmh,NA,15_7
204,15,8,NMi Or Trm,OREGON,oresmw,NA,15_8
204,15,9,NMi Or Trm,OREGON,oranah,NA,15_9
204,15,10,NMi Or Trm,OREGON,oraqah,NA,15_10
205,15,1,No Ore Trm,OREGON,orecsh,NA,15_1
205,15,2,No Ore Trm,OREGON,orecsw,NA,15_2
205,15,3,No Ore Trm,OREGON,orenoh,1,15_3
205,15,4,No Ore Trm,OREGON,orenow,1,15_4
205,15,5,No Ore Trm,OREGON,orenmh,NA,15_5
205,15,6,No Ore Trm,OREGON,orenmw,NA,15_6
205,15,7,No Ore Trm,OREGON,oresmh,NA,15_7
205,15,8,No Ore Trm,OREGON,oresmw,NA,15_8
205,15,9,No Ore Trm,OREGON,oranah,NA,15_9
205,15,10,No Ore Trm,OREGON,oraqah,NA,15_10
206,15,1,Or Cst Trm,OREGON,orecsh,NA,15_1
206,15,2,Or Cst Trm,OREGON,orecsw,NA,15_2
206,15,3,Or Cst Trm,OREGON,orenoh,NA,15_3
206,15,4,Or Cst Trm,OREGON,orenow,NA,15_4
206,15,5,Or Cst Trm,OREGON,orenmh,NA,15_5
206,15,6,Or Cst Trm,OREGON,orenmw,NA,15_6
206,15,7,Or Cst Trm,OREGON,oresmh,NA,15_7
206,15,8,Or Cst Trm,OREGON,oresmw,NA,15_8
206,15,9,Or Cst Trm,OREGON,oranah,NA,15_9
206,15,10,Or Cst Trm,OREGON,oraqah,NA,15_10
311,14,1,Buoy10 Spt,COLRIV,colreh,1,14_1
311,14,2,Buoy10 Spt,COLRIV,youngh,1,14_2
311,14,3,Buoy10 Spt,COLRIV,sandew,1,14_3
311,14,4,Buoy10 Spt,COLRIV,clakew,1,14_4
311,14,5,Buoy10 Spt,COLRIV,claklw,1,14_5
311,14,6,Buoy10 Spt,COLRIV,colrlh,1,14_6
321,14,1,L ColR Spt,COLRIV,colreh,1,14_1
321,14,2,L ColR Spt,COLRIV,youngh,1,14_2
321,14,3,L ColR Spt,COLRIV,sandew,1,14_3
321,14,4,L ColR Spt,COLRIV,clakew,1,14_4
321,14,5,L ColR Spt,COLRIV,claklw,1,14_5
321,14,6,L ColR Spt,COLRIV,colrlh,1,14_6
325,14,1,L ColR Net,COLRIV,colreh,1,14_1
325,14,2,L ColR Net,COLRIV,youngh,1,14_2
325,14,3,L ColR Net,COLRIV,sandew,1,14_3
325,14,4,L ColR Net,COLRIV,clakew,1,14_4
325,14,5,L ColR Net,COLRIV,claklw,1,14_5
325,14,6,L ColR Net,COLRIV,colrlh,1,14_6
335,14,1,Yngs B Net,COLRIV,colreh,NA,14_1
335,14,2,Yngs B Net,COLRIV,youngh,1,14_2
335,14,3,Yngs B Net,COLRIV,sandew,NA,14_3
335,14,4,Yngs B Net,COLRIV,clakew,NA,14_4
335,14,5,Yngs B Net,COLRIV,claklw,NA,14_5
335,14,6,Yngs B Net,COLRIV,colrlh,NA,14_6
353,14,1,Clackm Spt,COLRIV,colreh,NA,14_1
353,14,2,Clackm Spt,COLRIV,youngh,NA,14_2
353,14,3,Clackm Spt,COLRIV,sandew,NA,14_3
353,14,4,Clackm Spt,COLRIV,clakew,1,14_4
353,14,5,Clackm Spt,COLRIV,claklw,1,14_5
353,14,6,Clackm Spt,COLRIV,colrlh,NA,14_6
354,14,1,SandyR Spt,COLRIV,colreh,NA,14_1
354,14,2,SandyR Spt,COLRIV,youngh,NA,14_2
354,14,3,SandyR Spt,COLRIV,sandew,1,14_3
354,14,4,SandyR Spt,COLRIV,clakew,NA,14_4
354,14,5,SandyR Spt,COLRIV,claklw,NA,14_5
354,14,6,SandyR Spt,COLRIV,colrlh,NA,14_6
361,14,1,LCRWaT Spt,COLRIV,colreh,1,14_1
361,14,2,LCRWaT Spt,COLRIV,youngh,NA,14_2
361,14,3,LCRWaT Spt,COLRIV,sandew,NA,14_3
361,14,4,LCRWaT Spt,COLRIV,clakew,NA,14_4
361,14,5,LCRWaT Spt,COLRIV,claklw,NA,14_5
361,14,6,LCRWaT Spt,COLRIV,colrlh,1,14_6
381,14,1,UpColR Spt,COLRIV,colreh,1,14_1
381,14,2,UpColR Spt,COLRIV,youngh,NA,14_2
381,14,3,UpColR Spt,COLRIV,sandew,NA,14_3
381,14,4,UpColR Spt,COLRIV,clakew,NA,14_4
381,14,5,UpColR Spt,COLRIV,claklw,NA,14_5
381,14,6,UpColR Spt,COLRIV,colrlh,NA,14_6
391,14,1,UpColR Net,COLRIV,colreh,1,14_1
391,14,2,UpColR Net,COLRIV,youngh,NA,14_2
391,14,3,UpColR Net,COLRIV,sandew,NA,14_3
391,14,4,UpColR Net,COLRIV,clakew,NA,14_4
391,14,5,UpColR Net,COLRIV,claklw,NA,14_5
391,14,6,UpColR Net,COLRIV,colrlh,NA,14_6
441,13,1,Willpa Spt,WILLAP,willaw,1,13_1
441,13,2,Willpa Spt,WILLAP,willah,1,13_2
443,13,1,Wlp Tb Spt,WILLAP,willaw,1,13_1
443,13,2,Wlp Tb Spt,WILLAP,willah,1,13_2
446,13,1,WlpaBT Net,WILLAP,willaw,1,13_1
446,13,2,WlpaBT Net,WILLAP,willah,1,13_2
451,12,1,GryHbr Spt,GRAYHB,chehlw,1,12_1
451,12,2,GryHbr Spt,GRAYHB,chehlh,1,12_2
451,12,3,GryHbr Spt,GRAYHB,humptw,1,12_3
451,12,4,GryHbr Spt,GRAYHB,humpth,1,12_4
451,12,5,GryHbr Spt,GRAYHB,gryhmw,1,12_5
451,12,6,GryHbr Spt,GRAYHB,gryhbh,1,12_6
453,12,1,SGryHb Spt,GRAYHB,chehlw,NA,12_1
453,12,2,SGryHb Spt,GRAYHB,chehlh,NA,12_2
453,12,3,SGryHb Spt,GRAYHB,humptw,NA,12_3
453,12,4,SGryHb Spt,GRAYHB,humpth,NA,12_4
453,12,5,SGryHb Spt,GRAYHB,gryhmw,NA,12_5
453,12,6,SGryHb Spt,GRAYHB,gryhbh,1,12_6
455,12,1,GryHbr Net,GRAYHB,chehlw,1,12_1
455,12,2,GryHbr Net,GRAYHB,chehlh,1,12_2
455,12,3,GryHbr Net,GRAYHB,humptw,1,12_3
455,12,4,GryHbr Net,GRAYHB,humpth,1,12_4
455,12,5,GryHbr Net,GRAYHB,gryhmw,1,12_5
455,12,6,GryHbr Net,GRAYHB,gryhbh,1,12_6
456,12,1,Hump R Spt,GRAYHB,chehlw,NA,12_1
456,12,2,Hump R Spt,GRAYHB,chehlh,NA,12_2
456,12,3,Hump R Spt,GRAYHB,humptw,1,12_3
456,12,4,Hump R Spt,GRAYHB,humpth,1,12_4
456,12,5,Hump R Spt,GRAYHB,gryhmw,NA,12_5
456,12,6,Hump R Spt,GRAYHB,gryhbh,NA,12_6
461,12,1,Hump R Net,GRAYHB,chehlw,NA,12_1
461,12,2,Hump R Net,GRAYHB,chehlh,NA,12_2
461,12,3,Hump R Net,GRAYHB,humptw,1,12_3
461,12,4,Hump R Net,GRAYHB,humpth,1,12_4
461,12,5,Hump R Net,GRAYHB,gryhmw,NA,12_5
461,12,6,Hump R Net,GRAYHB,gryhbh,NA,12_6
458,12,1,Hump R C&S,GRAYHB,chehlw,NA,12_1
458,12,2,Hump R C&S,GRAYHB,chehlh,NA,12_2
458,12,3,Hump R C&S,GRAYHB,humptw,1,12_3
458,12,4,Hump R C&S,GRAYHB,humpth,1,12_4
458,12,5,Hump R C&S,GRAYHB,gryhmw,NA,12_5
458,12,6,Hump R C&S,GRAYHB,gryhbh,NA,12_6
460,12,1,Chehal Spt,GRAYHB,chehlw,1,12_1
460,12,2,Chehal Spt,GRAYHB,chehlh,1,12_2
460,12,3,Chehal Spt,GRAYHB,humptw,NA,12_3
460,12,4,Chehal Spt,GRAYHB,humpth,NA,12_4
460,12,5,Chehal Spt,GRAYHB,gryhmw,NA,12_5
460,12,6,Chehal Spt,GRAYHB,gryhbh,NA,12_6
457,12,1,LwCheh Net,GRAYHB,chehlw,1,12_1
457,12,2,LwCheh Net,GRAYHB,chehlh,1,12_2
457,12,3,LwCheh Net,GRAYHB,humptw,NA,12_3
457,12,4,LwCheh Net,GRAYHB,humpth,NA,12_4
457,12,5,LwCheh Net,GRAYHB,gryhmw,NA,12_5
457,12,6,LwCheh Net,GRAYHB,gryhbh,NA,12_6
462,12,1,UpCheh Net,GRAYHB,chehlw,1,12_1
462,12,2,UpCheh Net,GRAYHB,chehlh,1,12_2
462,12,3,UpCheh Net,GRAYHB,humptw,NA,12_3
462,12,4,UpCheh Net,GRAYHB,humpth,NA,12_4
462,12,5,UpCheh Net,GRAYHB,gryhmw,NA,12_5
462,12,6,UpCheh Net,GRAYHB,gryhbh,NA,12_6
463,12,1,Chehal C&S,GRAYHB,chehlw,1,12_1
463,12,2,Chehal C&S,GRAYHB,chehlh,1,12_2
463,12,3,Chehal C&S,GRAYHB,humptw,NA,12_3
463,12,4,Chehal C&S,GRAYHB,humpth,NA,12_4
463,12,5,Chehal C&S,GRAYHB,gryhmw,NA,12_5
463,12,6,Chehal C&S,GRAYHB,gryhbh,NA,12_6
464,12,1,Wynoch Spt,GRAYHB,chehlw,1,12_1
464,12,2,Wynoch Spt,GRAYHB,chehlh,NA,12_2
464,12,3,Wynoch Spt,GRAYHB,humptw,NA,12_3
464,12,4,Wynoch Spt,GRAYHB,humpth,NA,12_4
464,12,5,Wynoch Spt,GRAYHB,gryhmw,NA,12_5
464,12,6,Wynoch Spt,GRAYHB,gryhbh,NA,12_6
465,12,1,Hoquam Spt,GRAYHB,chehlw,NA,12_1
465,12,2,Hoquam Spt,GRAYHB,chehlh,NA,12_2
465,12,3,Hoquam Spt,GRAYHB,humptw,NA,12_3
465,12,4,Hoquam Spt,GRAYHB,humpth,NA,12_4
465,12,5,Hoquam Spt,GRAYHB,gryhmw,1,12_5
465,12,6,Hoquam Spt,GRAYHB,gryhbh,NA,12_6
466,12,1,Wishkh Spt,GRAYHB,chehlw,NA,12_1
466,12,2,Wishkh Spt,GRAYHB,chehlh,NA,12_2
466,12,3,Wishkh Spt,GRAYHB,humptw,NA,12_3
466,12,4,Wishkh Spt,GRAYHB,humpth,NA,12_4
466,12,5,Wishkh Spt,GRAYHB,gryhmw,1,12_5
466,12,6,Wishkh Spt,GRAYHB,gryhbh,NA,12_6
467,12,1,Satsop Spt,GRAYHB,chehlw,1,12_1
467,12,2,Satsop Spt,GRAYHB,chehlh,1,12_2
467,12,3,Satsop Spt,GRAYHB,humptw,NA,12_3
467,12,4,Satsop Spt,GRAYHB,humpth,NA,12_4
467,12,5,Satsop Spt,GRAYHB,gryhmw,NA,12_5
467,12,6,Satsop Spt,GRAYHB,gryhbh,NA,12_6
471,11,1,Quin R Spt,QUINLT,quinfw,1,11_1
471,11,2,Quin R Spt,QUINLT,quinfh,1,11_2
475,11,1,Quin R Net,QUINLT,quinfw,1,11_1
475,11,2,Quin R Net,QUINLT,quinfh,1,11_2
477,11,1,Quin R C&S,QUINLT,quinfw,1,11_1
477,11,2,Quin R C&S,QUINLT,quinfh,1,11_2
478,10,1,Queets Spt,QUEETS,quetfw,1,10_1
478,10,2,Queets Spt,QUEETS,quetfh,1,10_2
478,10,3,Queets Spt,QUEETS,quetph,1,10_3
480,10,1,Clrwtr Spt,QUEETS,quetfw,1,10_1
480,10,2,Clrwtr Spt,QUEETS,quetfh,1,10_2
480,10,3,Clrwtr Spt,QUEETS,quetph,1,10_3
481,10,1,Salm R Spt,QUEETS,quetfw,1,10_1
481,10,2,Salm R Spt,QUEETS,quetfh,1,10_2
481,10,3,Salm R Spt,QUEETS,quetph,1,10_3
482,10,1,Queets Net,QUEETS,quetfw,1,10_1
482,10,2,Queets Net,QUEETS,quetfh,1,10_2
482,10,3,Queets Net,QUEETS,quetph,1,10_3
483,10,1,Queets C&S,QUEETS,quetfw,1,10_1
483,10,2,Queets C&S,QUEETS,quetfh,1,10_2
483,10,3,Queets C&S,QUEETS,quetph,1,10_3
487,8,1,Quilly Net,QUILUT,quilsw,1,8_1
487,8,2,Quilly Net,QUILUT,quilsh,1,8_2
487,8,3,Quilly Net,QUILUT,quilfw,1,8_3
487,8,4,Quilly Net,QUILUT,quilfh,1,8_4
489,8,1,Quilly C&S,QUILUT,quilsw,NA,8_1
489,8,2,Quilly C&S,QUILUT,quilsh,NA,8_2
489,8,3,Quilly C&S,QUILUT,quilfw,1,8_3
489,8,4,Quilly C&S,QUILUT,quilfh,1,8_4
490,9,1,Hoh R  Spt,HOHRIV,hohrvw,1,9_1
490,9,2,Hoh R  Spt,HOHRIV,hohrvh,1,9_2
493,9,1,Hoh R  Net,HOHRIV,hohrvw,1,9_1
493,9,2,Hoh R  Net,HOHRIV,hohrvh,1,9_2
495,9,1,Hoh R  C&S,HOHRIV,hohrvw,1,9_1
495,9,2,Hoh R  C&S,HOHRIV,hohrvh,1,9_2
496,7,1,Mak FW Spt,MAKAHC,makahw,1,7_1
496,7,2,Mak FW Spt,MAKAHC,makahh,1,7_2
497,7,1,Mak FW Net,MAKAHC,makahw,1,7_1
497,7,2,Mak FW Net,MAKAHC,makahh,1,7_2
498,7,1,Makah  C&S,MAKAHC,makahw,1,7_1
498,7,2,Makah  C&S,MAKAHC,makahh,1,7_2
505,6,1,6D-DgR Net,SJDFCA,dungew,1,6_1
505,6,2,6D-DgR Net,SJDFCA,dungeh,1,6_2
505,6,3,6D-DgR Net,SJDFCA,elwhaw,NA,6_3
505,6,4,6D-DgR Net,SJDFCA,elwhah,NA,6_4
505,6,5,6D-DgR Net,SJDFCA,ejdfmw,NA,6_5
505,6,6,6D-DgR Net,SJDFCA,wjdfmw,NA,6_6
505,6,7,6D-DgR Net,SJDFCA,ptangh,NA,6_7
505,6,8,6D-DgR Net,SJDFCA,area9w,NA,6_8
506,6,1,Elwha  Net,SJDFCA,dungew,NA,6_1
506,6,2,Elwha  Net,SJDFCA,dungeh,NA,6_2
506,6,3,Elwha  Net,SJDFCA,elwhaw,1,6_3
506,6,4,Elwha  Net,SJDFCA,elwhah,1,6_4
506,6,5,Elwha  Net,SJDFCA,ejdfmw,NA,6_5
506,6,6,Elwha  Net,SJDFCA,wjdfmw,NA,6_6
506,6,7,Elwha  Net,SJDFCA,ptangh,NA,6_7
506,6,8,Elwha  Net,SJDFCA,area9w,NA,6_8
507,6,1,WJDF T Net,SJDFCA,dungew,NA,6_1
507,6,2,WJDF T Net,SJDFCA,dungeh,NA,6_2
507,6,3,WJDF T Net,SJDFCA,elwhaw,NA,6_3
507,6,4,WJDF T Net,SJDFCA,elwhah,NA,6_4
507,6,5,WJDF T Net,SJDFCA,ejdfmw,NA,6_5
507,6,6,WJDF T Net,SJDFCA,wjdfmw,1,6_6
507,6,7,WJDF T Net,SJDFCA,ptangh,NA,6_7
507,6,8,WJDF T Net,SJDFCA,area9w,NA,6_8
509,6,1,EJDF T Net,SJDFCA,dungew,NA,6_1
509,6,2,EJDF T Net,SJDFCA,dungeh,NA,6_2
509,6,3,EJDF T Net,SJDFCA,elwhaw,NA,6_3
509,6,4,EJDF T Net,SJDFCA,elwhah,NA,6_4
509,6,5,EJDF T Net,SJDFCA,ejdfmw,1,6_5
509,6,6,EJDF T Net,SJDFCA,wjdfmw,NA,6_6
509,6,7,EJDF T Net,SJDFCA,ptangh,NA,6_7
509,6,8,EJDF T Net,SJDFCA,area9w,NA,6_8
523,6,1,EJDF FWSpt,SJDFCA,dungew,NA,6_1
523,6,2,EJDF FWSpt,SJDFCA,dungeh,NA,6_2
523,6,3,EJDF FWSpt,SJDFCA,elwhaw,NA,6_3
523,6,4,EJDF FWSpt,SJDFCA,elwhah,NA,6_4
523,6,5,EJDF FWSpt,SJDFCA,ejdfmw,1,6_5
523,6,6,EJDF FWSpt,SJDFCA,wjdfmw,NA,6_6
523,6,7,EJDF FWSpt,SJDFCA,ptangh,NA,6_7
523,6,8,EJDF FWSpt,SJDFCA,area9w,NA,6_8
524,6,1,WJDF FWSpt,SJDFCA,dungew,NA,6_1
524,6,2,WJDF FWSpt,SJDFCA,dungeh,NA,6_2
524,6,3,WJDF FWSpt,SJDFCA,elwhaw,NA,6_3
524,6,4,WJDF FWSpt,SJDFCA,elwhah,NA,6_4
524,6,5,WJDF FWSpt,SJDFCA,ejdfmw,NA,6_5
524,6,6,WJDF FWSpt,SJDFCA,wjdfmw,1,6_6
524,6,7,WJDF FWSpt,SJDFCA,ptangh,NA,6_7
524,6,8,WJDF FWSpt,SJDFCA,area9w,NA,6_8
528,6,1,Dung R Spt,SJDFCA,dungew,1,6_1
528,6,2,Dung R Spt,SJDFCA,dungeh,1,6_2
528,6,3,Dung R Spt,SJDFCA,elwhaw,NA,6_3
528,6,4,Dung R Spt,SJDFCA,elwhah,NA,6_4
528,6,5,Dung R Spt,SJDFCA,ejdfmw,NA,6_5
528,6,6,Dung R Spt,SJDFCA,wjdfmw,NA,6_6
528,6,7,Dung R Spt,SJDFCA,ptangh,NA,6_7
528,6,8,Dung R Spt,SJDFCA,area9w,NA,6_8
529,6,1,ElwhaR Spt,SJDFCA,dungew,NA,6_1
529,6,2,ElwhaR Spt,SJDFCA,dungeh,NA,6_2
529,6,3,ElwhaR Spt,SJDFCA,elwhaw,1,6_3
529,6,4,ElwhaR Spt,SJDFCA,elwhah,1,6_4
529,6,5,ElwhaR Spt,SJDFCA,ejdfmw,NA,6_5
529,6,6,ElwhaR Spt,SJDFCA,wjdfmw,NA,6_6
529,6,7,ElwhaR Spt,SJDFCA,ptangh,NA,6_7
529,6,8,ElwhaR Spt,SJDFCA,area9w,NA,6_8
531,1,1,7B-7D  Net,NOOKSM,nkskrw,1,1_1
531,1,2,7B-7D  Net,NOOKSM,kendlh,1,1_2
531,1,3,7B-7D  Net,NOOKSM,skokmh,1,1_3
531,1,4,7B-7D  Net,NOOKSM,lumpdh,1,1_4
531,1,5,7B-7D  Net,NOOKSM,bhambh,1,1_5
531,1,6,7B-7D  Net,NOOKSM,samshw,1,1_6
531,1,7,7B-7D  Net,NOOKSM,ar77aw,NA,1_7
531,1,8,7B-7D  Net,NOOKSM,whatch,1,1_8
537,1,1,Nook R Net,NOOKSM,nkskrw,1,1_1
537,1,2,Nook R Net,NOOKSM,kendlh,1,1_2
537,1,3,Nook R Net,NOOKSM,skokmh,1,1_3
537,1,4,Nook R Net,NOOKSM,lumpdh,NA,1_4
537,1,5,Nook R Net,NOOKSM,bhambh,NA,1_5
537,1,6,Nook R Net,NOOKSM,samshw,NA,1_6
537,1,7,Nook R Net,NOOKSM,ar77aw,NA,1_7
537,1,8,Nook R Net,NOOKSM,whatch,NA,1_8
551,1,1,Nook R Spt,NOOKSM,nkskrw,1,1_1
551,1,2,Nook R Spt,NOOKSM,kendlh,1,1_2
551,1,3,Nook R Spt,NOOKSM,skokmh,1,1_3
551,1,4,Nook R Spt,NOOKSM,lumpdh,NA,1_4
551,1,5,Nook R Spt,NOOKSM,bhambh,NA,1_5
551,1,6,Nook R Spt,NOOKSM,samshw,NA,1_6
551,1,7,Nook R Spt,NOOKSM,ar77aw,NA,1_7
551,1,8,Nook R Spt,NOOKSM,whatch,NA,1_8
552,1,1,Samh R Spt,NOOKSM,nkskrw,NA,1_1
552,1,2,Samh R Spt,NOOKSM,kendlh,NA,1_2
552,1,3,Samh R Spt,NOOKSM,skokmh,NA,1_3
552,1,4,Samh R Spt,NOOKSM,lumpdh,NA,1_4
552,1,5,Samh R Spt,NOOKSM,bhambh,NA,1_5
552,1,6,Samh R Spt,NOOKSM,samshw,1,1_6
552,1,7,Samh R Spt,NOOKSM,ar77aw,NA,1_7
552,1,8,Samh R Spt,NOOKSM,whatch,NA,1_8
561,2,1,Area 8 Net,SKAGIT,skagtw,1,2_1
561,2,2,Area 8 Net,SKAGIT,skagth,1,2_2
561,2,3,Area 8 Net,SKAGIT,skgbkw,1,2_3
561,2,4,Area 8 Net,SKAGIT,skgbkh,1,2_4
561,2,5,Area 8 Net,SKAGIT,swinch,1,2_5
561,2,6,Area 8 Net,SKAGIT,oakhbh,1,2_6
563,2,1,Skag R Net,SKAGIT,skagtw,1,2_1
563,2,2,Skag R Net,SKAGIT,skagth,1,2_2
563,2,3,Skag R Net,SKAGIT,skgbkw,1,2_3
563,2,4,Skag R Net,SKAGIT,skgbkh,1,2_4
563,2,5,Skag R Net,SKAGIT,swinch,1,2_5
563,2,6,Skag R Net,SKAGIT,oakhbh,1,2_6
566,2,1,SkgR TsNet,SKAGIT,skagtw,1,2_1
566,2,2,SkgR TsNet,SKAGIT,skagth,1,2_2
566,2,3,SkgR TsNet,SKAGIT,skgbkw,1,2_3
566,2,4,SkgR TsNet,SKAGIT,skgbkh,1,2_4
566,2,5,SkgR TsNet,SKAGIT,swinch,1,2_5
566,2,6,SkgR TsNet,SKAGIT,oakhbh,1,2_6
569,2,1,SwinCh Net,SKAGIT,skagtw,NA,2_1
569,2,2,SwinCh Net,SKAGIT,skagth,NA,2_2
569,2,3,SwinCh Net,SKAGIT,skgbkw,NA,2_3
569,2,4,SwinCh Net,SKAGIT,skgbkh,NA,2_4
569,2,5,SwinCh Net,SKAGIT,swinch,1,2_5
569,2,6,SwinCh Net,SKAGIT,oakhbh,1,2_6
572,2,1,Ar 8-1 Spt,SKAGIT,skagtw,1,2_1
572,2,2,Ar 8-1 Spt,SKAGIT,skagth,1,2_2
572,2,3,Ar 8-1 Spt,SKAGIT,skgbkw,1,2_3
572,2,4,Ar 8-1 Spt,SKAGIT,skgbkh,1,2_4
572,2,5,Ar 8-1 Spt,SKAGIT,swinch,1,2_5
572,2,6,Ar 8-1 Spt,SKAGIT,oakhbh,1,2_6
575,2,1,Skag R Spt,SKAGIT,skagtw,1,2_1
575,2,2,Skag R Spt,SKAGIT,skagth,1,2_2
575,2,3,Skag R Spt,SKAGIT,skgbkw,1,2_3
575,2,4,Skag R Spt,SKAGIT,skgbkh,1,2_4
575,2,5,Skag R Spt,SKAGIT,swinch,NA,2_5
575,2,6,Skag R Spt,SKAGIT,oakhbh,NA,2_6
581,3,1,Ar 8A Net,STILSN,stillw,1,3_1
581,3,2,Ar 8A Net,STILSN,stillh,1,3_2
581,3,3,Ar 8A Net,STILSN,tuliph,1,3_3
581,3,4,Ar 8A Net,STILSN,snohow,1,3_4
581,3,5,Ar 8A Net,STILSN,snohoh,1,3_5
581,3,6,Ar 8A Net,STILSN,ar8anh,1,3_6
583,3,1,Ar 8D  Net,STILSN,stillw,1,3_1
583,3,2,Ar 8D  Net,STILSN,stillh,1,3_2
583,3,3,Ar 8D  Net,STILSN,tuliph,1,3_3
583,3,4,Ar 8D  Net,STILSN,snohow,1,3_4
583,3,5,Ar 8D  Net,STILSN,snohoh,1,3_5
583,3,6,Ar 8D  Net,STILSN,ar8anh,1,3_6
585,3,1,Stil R Net,STILSN,stillw,1,3_1
585,3,2,Stil R Net,STILSN,stillh,1,3_2
585,3,3,Stil R Net,STILSN,tuliph,NA,3_3
585,3,4,Stil R Net,STILSN,snohow,NA,3_4
585,3,5,Stil R Net,STILSN,snohoh,NA,3_5
585,3,6,Stil R Net,STILSN,ar8anh,NA,3_6
586,3,1,Snoh R Net,STILSN,stillw,NA,3_1
586,3,2,Snoh R Net,STILSN,stillh,NA,3_2
586,3,3,Snoh R Net,STILSN,tuliph,NA,3_3
586,3,4,Snoh R Net,STILSN,snohow,1,3_4
586,3,5,Snoh R Net,STILSN,snohoh,1,3_5
586,3,6,Snoh R Net,STILSN,ar8anh,NA,3_6
591,3,1,Ar 8-2 Spt,STILSN,stillw,1,3_1
591,3,2,Ar 8-2 Spt,STILSN,stillh,1,3_2
591,3,3,Ar 8-2 Spt,STILSN,tuliph,1,3_3
591,3,4,Ar 8-2 Spt,STILSN,snohow,1,3_4
591,3,5,Ar 8-2 Spt,STILSN,snohoh,1,3_5
591,3,6,Ar 8-2 Spt,STILSN,ar8anh,1,3_6
593,3,1,Stil R Spt,STILSN,stillw,1,3_1
593,3,2,Stil R Spt,STILSN,stillh,1,3_2
593,3,3,Stil R Spt,STILSN,tuliph,NA,3_3
593,3,4,Stil R Spt,STILSN,snohow,NA,3_4
593,3,5,Stil R Spt,STILSN,snohoh,NA,3_5
593,3,6,Stil R Spt,STILSN,ar8anh,NA,3_6
595,3,1,Snoh R Spt,STILSN,stillw,NA,3_1
595,3,2,Snoh R Spt,STILSN,stillh,NA,3_2
595,3,3,Snoh R Spt,STILSN,tuliph,NA,3_3
595,3,4,Snoh R Spt,STILSN,snohow,1,3_4
595,3,5,Snoh R Spt,STILSN,snohoh,1,3_5
595,3,6,Snoh R Spt,STILSN,ar8anh,NA,3_6
611,5,1,Ar 10  Net,SPGSND,ar13bw,1,5_1
611,5,2,Ar 10  Net,SPGSND,deschw,1,5_2
611,5,3,Ar 10  Net,SPGSND,ssdnph,1,5_3
611,5,4,Ar 10  Net,SPGSND,nisqlh,1,5_4
611,5,5,Ar 10  Net,SPGSND,nisqlw,1,5_5
611,5,6,Ar 10  Net,SPGSND,foxish,1,5_6
611,5,7,Ar 10  Net,SPGSND,mintch,1,5_7
611,5,8,Ar 10  Net,SPGSND,ar13mw,1,5_8
611,5,9,Ar 10  Net,SPGSND,chambh,1,5_9
611,5,10,Ar 10  Net,SPGSND,ar13mh,1,5_10
611,5,11,Ar 10  Net,SPGSND,ar13aw,1,5_11
611,5,12,Ar 10  Net,SPGSND,puyalh,1,5_12
611,5,13,Ar 10  Net,SPGSND,puyalw,1,5_13
611,5,14,Ar 10  Net,SPGSND,are11h,1,5_14
611,5,15,Ar 10  Net,SPGSND,ar11mw,1,5_15
611,5,16,Ar 10  Net,SPGSND,ar10eh,1,5_16
611,5,17,Ar 10  Net,SPGSND,ar10ew,1,5_17
611,5,18,Ar 10  Net,SPGSND,greenh,1,5_18
611,5,19,Ar 10  Net,SPGSND,greenw,1,5_19
611,5,20,Ar 10  Net,SPGSND,lakwah,1,5_20
611,5,21,Ar 10  Net,SPGSND,lakwaw,1,5_21
611,5,22,Ar 10  Net,SPGSND,are10h,1,5_22
611,5,23,Ar 10  Net,SPGSND,ar10mw,1,5_23
611,5,24,Ar 10  Net,SPGSND,foxicc,1,5_24
614,5,1,Ar 10A Net,SPGSND,ar13bw,NA,5_1
614,5,2,Ar 10A Net,SPGSND,deschw,NA,5_2
614,5,3,Ar 10A Net,SPGSND,ssdnph,NA,5_3
614,5,4,Ar 10A Net,SPGSND,nisqlh,NA,5_4
614,5,5,Ar 10A Net,SPGSND,nisqlw,NA,5_5
614,5,6,Ar 10A Net,SPGSND,foxish,NA,5_6
614,5,7,Ar 10A Net,SPGSND,mintch,NA,5_7
614,5,8,Ar 10A Net,SPGSND,ar13mw,NA,5_8
614,5,9,Ar 10A Net,SPGSND,chambh,NA,5_9
614,5,10,Ar 10A Net,SPGSND,ar13mh,NA,5_10
614,5,11,Ar 10A Net,SPGSND,ar13aw,NA,5_11
614,5,12,Ar 10A Net,SPGSND,puyalh,NA,5_12
614,5,13,Ar 10A Net,SPGSND,puyalw,NA,5_13
614,5,14,Ar 10A Net,SPGSND,are11h,NA,5_14
614,5,15,Ar 10A Net,SPGSND,ar11mw,NA,5_15
614,5,16,Ar 10A Net,SPGSND,ar10eh,NA,5_16
614,5,17,Ar 10A Net,SPGSND,ar10ew,NA,5_17
614,5,18,Ar 10A Net,SPGSND,greenh,1,5_18
614,5,19,Ar 10A Net,SPGSND,greenw,1,5_19
614,5,20,Ar 10A Net,SPGSND,lakwah,NA,5_20
614,5,21,Ar 10A Net,SPGSND,lakwaw,NA,5_21
614,5,22,Ar 10A Net,SPGSND,are10h,1,5_22
614,5,23,Ar 10A Net,SPGSND,ar10mw,NA,5_23
614,5,24,Ar 10A Net,SPGSND,foxicc,NA,5_24
615,5,1,Ar 10E Net,SPGSND,ar13bw,NA,5_1
615,5,2,Ar 10E Net,SPGSND,deschw,NA,5_2
615,5,3,Ar 10E Net,SPGSND,ssdnph,NA,5_3
615,5,4,Ar 10E Net,SPGSND,nisqlh,NA,5_4
615,5,5,Ar 10E Net,SPGSND,nisqlw,NA,5_5
615,5,6,Ar 10E Net,SPGSND,foxish,NA,5_6
615,5,7,Ar 10E Net,SPGSND,mintch,NA,5_7
615,5,8,Ar 10E Net,SPGSND,ar13mw,NA,5_8
615,5,9,Ar 10E Net,SPGSND,chambh,NA,5_9
615,5,10,Ar 10E Net,SPGSND,ar13mh,NA,5_10
615,5,11,Ar 10E Net,SPGSND,ar13aw,NA,5_11
615,5,12,Ar 10E Net,SPGSND,puyalh,NA,5_12
615,5,13,Ar 10E Net,SPGSND,puyalw,NA,5_13
615,5,14,Ar 10E Net,SPGSND,are11h,NA,5_14
615,5,15,Ar 10E Net,SPGSND,ar11mw,NA,5_15
615,5,16,Ar 10E Net,SPGSND,ar10eh,1,5_16
615,5,17,Ar 10E Net,SPGSND,ar10ew,1,5_17
615,5,18,Ar 10E Net,SPGSND,greenh,NA,5_18
615,5,19,Ar 10E Net,SPGSND,greenw,NA,5_19
615,5,20,Ar 10E Net,SPGSND,lakwah,NA,5_20
615,5,21,Ar 10E Net,SPGSND,lakwaw,NA,5_21
615,5,22,Ar 10E Net,SPGSND,are10h,NA,5_22
615,5,23,Ar 10E Net,SPGSND,ar10mw,NA,5_23
615,5,24,Ar 10E Net,SPGSND,foxicc,NA,5_24
616,5,1,10F-G  Net,SPGSND,ar13bw,NA,5_1
616,5,2,10F-G  Net,SPGSND,deschw,NA,5_2
616,5,3,10F-G  Net,SPGSND,ssdnph,NA,5_3
616,5,4,10F-G  Net,SPGSND,nisqlh,NA,5_4
616,5,5,10F-G  Net,SPGSND,nisqlw,NA,5_5
616,5,6,10F-G  Net,SPGSND,foxish,NA,5_6
616,5,7,10F-G  Net,SPGSND,mintch,NA,5_7
616,5,8,10F-G  Net,SPGSND,ar13mw,NA,5_8
616,5,9,10F-G  Net,SPGSND,chambh,NA,5_9
616,5,10,10F-G  Net,SPGSND,ar13mh,NA,5_10
616,5,11,10F-G  Net,SPGSND,ar13aw,NA,5_11
616,5,12,10F-G  Net,SPGSND,puyalh,NA,5_12
616,5,13,10F-G  Net,SPGSND,puyalw,NA,5_13
616,5,14,10F-G  Net,SPGSND,are11h,NA,5_14
616,5,15,10F-G  Net,SPGSND,ar11mw,NA,5_15
616,5,16,10F-G  Net,SPGSND,ar10eh,NA,5_16
616,5,17,10F-G  Net,SPGSND,ar10ew,NA,5_17
616,5,18,10F-G  Net,SPGSND,greenh,NA,5_18
616,5,19,10F-G  Net,SPGSND,greenw,NA,5_19
616,5,20,10F-G  Net,SPGSND,lakwah,1,5_20
616,5,21,10F-G  Net,SPGSND,lakwaw,1,5_21
616,5,22,10F-G  Net,SPGSND,are10h,NA,5_22
616,5,23,10F-G  Net,SPGSND,ar10mw,NA,5_23
616,5,24,10F-G  Net,SPGSND,foxicc,NA,5_24
634,5,1,Ar 11  Net,SPGSND,ar13bw,1,5_1
634,5,2,Ar 11  Net,SPGSND,deschw,1,5_2
634,5,3,Ar 11  Net,SPGSND,ssdnph,1,5_3
634,5,4,Ar 11  Net,SPGSND,nisqlh,1,5_4
634,5,5,Ar 11  Net,SPGSND,nisqlw,1,5_5
634,5,6,Ar 11  Net,SPGSND,foxish,1,5_6
634,5,7,Ar 11  Net,SPGSND,mintch,1,5_7
634,5,8,Ar 11  Net,SPGSND,ar13mw,1,5_8
634,5,9,Ar 11  Net,SPGSND,chambh,1,5_9
634,5,10,Ar 11  Net,SPGSND,ar13mh,1,5_10
634,5,11,Ar 11  Net,SPGSND,ar13aw,1,5_11
634,5,12,Ar 11  Net,SPGSND,puyalh,1,5_12
634,5,13,Ar 11  Net,SPGSND,puyalw,1,5_13
634,5,14,Ar 11  Net,SPGSND,are11h,1,5_14
634,5,15,Ar 11  Net,SPGSND,ar11mw,1,5_15
634,5,16,Ar 11  Net,SPGSND,ar10eh,NA,5_16
634,5,17,Ar 11  Net,SPGSND,ar10ew,NA,5_17
634,5,18,Ar 11  Net,SPGSND,greenh,NA,5_18
634,5,19,Ar 11  Net,SPGSND,greenw,NA,5_19
634,5,20,Ar 11  Net,SPGSND,lakwah,NA,5_20
634,5,21,Ar 11  Net,SPGSND,lakwaw,NA,5_21
634,5,22,Ar 11  Net,SPGSND,are10h,NA,5_22
634,5,23,Ar 11  Net,SPGSND,ar10mw,NA,5_23
634,5,24,Ar 11  Net,SPGSND,foxicc,1,5_24
635,5,1,Ar 11A Net,SPGSND,ar13bw,NA,5_1
635,5,2,Ar 11A Net,SPGSND,deschw,NA,5_2
635,5,3,Ar 11A Net,SPGSND,ssdnph,NA,5_3
635,5,4,Ar 11A Net,SPGSND,nisqlh,NA,5_4
635,5,5,Ar 11A Net,SPGSND,nisqlw,NA,5_5
635,5,6,Ar 11A Net,SPGSND,foxish,NA,5_6
635,5,7,Ar 11A Net,SPGSND,mintch,NA,5_7
635,5,8,Ar 11A Net,SPGSND,ar13mw,NA,5_8
635,5,9,Ar 11A Net,SPGSND,chambh,NA,5_9
635,5,10,Ar 11A Net,SPGSND,ar13mh,NA,5_10
635,5,11,Ar 11A Net,SPGSND,ar13aw,NA,5_11
635,5,12,Ar 11A Net,SPGSND,puyalh,1,5_12
635,5,13,Ar 11A Net,SPGSND,puyalw,1,5_13
635,5,14,Ar 11A Net,SPGSND,are11h,NA,5_14
635,5,15,Ar 11A Net,SPGSND,ar11mw,NA,5_15
635,5,16,Ar 11A Net,SPGSND,ar10eh,NA,5_16
635,5,17,Ar 11A Net,SPGSND,ar10ew,NA,5_17
635,5,18,Ar 11A Net,SPGSND,greenh,NA,5_18
635,5,19,Ar 11A Net,SPGSND,greenw,NA,5_19
635,5,20,Ar 11A Net,SPGSND,lakwah,NA,5_20
635,5,21,Ar 11A Net,SPGSND,lakwaw,NA,5_21
635,5,22,Ar 11A Net,SPGSND,are10h,NA,5_22
635,5,23,Ar 11A Net,SPGSND,ar10mw,NA,5_23
635,5,24,Ar 11A Net,SPGSND,foxicc,NA,5_24
619,5,1,Duwm R Net,SPGSND,ar13bw,NA,5_1
619,5,2,Duwm R Net,SPGSND,deschw,NA,5_2
619,5,3,Duwm R Net,SPGSND,ssdnph,NA,5_3
619,5,4,Duwm R Net,SPGSND,nisqlh,NA,5_4
619,5,5,Duwm R Net,SPGSND,nisqlw,NA,5_5
619,5,6,Duwm R Net,SPGSND,foxish,NA,5_6
619,5,7,Duwm R Net,SPGSND,mintch,NA,5_7
619,5,8,Duwm R Net,SPGSND,ar13mw,NA,5_8
619,5,9,Duwm R Net,SPGSND,chambh,NA,5_9
619,5,10,Duwm R Net,SPGSND,ar13mh,NA,5_10
619,5,11,Duwm R Net,SPGSND,ar13aw,NA,5_11
619,5,12,Duwm R Net,SPGSND,puyalh,NA,5_12
619,5,13,Duwm R Net,SPGSND,puyalw,NA,5_13
619,5,14,Duwm R Net,SPGSND,are11h,NA,5_14
619,5,15,Duwm R Net,SPGSND,ar11mw,NA,5_15
619,5,16,Duwm R Net,SPGSND,ar10eh,NA,5_16
619,5,17,Duwm R Net,SPGSND,ar10ew,NA,5_17
619,5,18,Duwm R Net,SPGSND,greenh,1,5_18
619,5,19,Duwm R Net,SPGSND,greenw,1,5_19
619,5,20,Duwm R Net,SPGSND,lakwah,NA,5_20
619,5,21,Duwm R Net,SPGSND,lakwaw,NA,5_21
619,5,22,Duwm R Net,SPGSND,are10h,NA,5_22
619,5,23,Duwm R Net,SPGSND,ar10mw,NA,5_23
619,5,24,Duwm R Net,SPGSND,foxicc,NA,5_24
636,5,1,Puyl R Net,SPGSND,ar13bw,NA,5_1
636,5,2,Puyl R Net,SPGSND,deschw,NA,5_2
636,5,3,Puyl R Net,SPGSND,ssdnph,NA,5_3
636,5,4,Puyl R Net,SPGSND,nisqlh,NA,5_4
636,5,5,Puyl R Net,SPGSND,nisqlw,NA,5_5
636,5,6,Puyl R Net,SPGSND,foxish,NA,5_6
636,5,7,Puyl R Net,SPGSND,mintch,NA,5_7
636,5,8,Puyl R Net,SPGSND,ar13mw,NA,5_8
636,5,9,Puyl R Net,SPGSND,chambh,NA,5_9
636,5,10,Puyl R Net,SPGSND,ar13mh,NA,5_10
636,5,11,Puyl R Net,SPGSND,ar13aw,NA,5_11
636,5,12,Puyl R Net,SPGSND,puyalh,1,5_12
636,5,13,Puyl R Net,SPGSND,puyalw,1,5_13
636,5,14,Puyl R Net,SPGSND,are11h,NA,5_14
636,5,15,Puyl R Net,SPGSND,ar11mw,NA,5_15
636,5,16,Puyl R Net,SPGSND,ar10eh,NA,5_16
636,5,17,Puyl R Net,SPGSND,ar10ew,NA,5_17
636,5,18,Puyl R Net,SPGSND,greenh,NA,5_18
636,5,19,Puyl R Net,SPGSND,greenw,NA,5_19
636,5,20,Puyl R Net,SPGSND,lakwah,NA,5_20
636,5,21,Puyl R Net,SPGSND,lakwaw,NA,5_21
636,5,22,Puyl R Net,SPGSND,are10h,NA,5_22
636,5,23,Puyl R Net,SPGSND,ar10mw,NA,5_23
636,5,24,Puyl R Net,SPGSND,foxicc,NA,5_24
610,5,1,Ar 10  Spt,SPGSND,ar13bw,1,5_1
610,5,2,Ar 10  Spt,SPGSND,deschw,1,5_2
610,5,3,Ar 10  Spt,SPGSND,ssdnph,1,5_3
610,5,4,Ar 10  Spt,SPGSND,nisqlh,1,5_4
610,5,5,Ar 10  Spt,SPGSND,nisqlw,1,5_5
610,5,6,Ar 10  Spt,SPGSND,foxish,1,5_6
610,5,7,Ar 10  Spt,SPGSND,mintch,1,5_7
610,5,8,Ar 10  Spt,SPGSND,ar13mw,1,5_8
610,5,9,Ar 10  Spt,SPGSND,chambh,1,5_9
610,5,10,Ar 10  Spt,SPGSND,ar13mh,1,5_10
610,5,11,Ar 10  Spt,SPGSND,ar13aw,1,5_11
610,5,12,Ar 10  Spt,SPGSND,puyalh,1,5_12
610,5,13,Ar 10  Spt,SPGSND,puyalw,1,5_13
610,5,14,Ar 10  Spt,SPGSND,are11h,1,5_14
610,5,15,Ar 10  Spt,SPGSND,ar11mw,1,5_15
610,5,16,Ar 10  Spt,SPGSND,ar10eh,1,5_16
610,5,17,Ar 10  Spt,SPGSND,ar10ew,1,5_17
610,5,18,Ar 10  Spt,SPGSND,greenh,1,5_18
610,5,19,Ar 10  Spt,SPGSND,greenw,1,5_19
610,5,20,Ar 10  Spt,SPGSND,lakwah,1,5_20
610,5,21,Ar 10  Spt,SPGSND,lakwaw,1,5_21
610,5,22,Ar 10  Spt,SPGSND,are10h,1,5_22
610,5,23,Ar 10  Spt,SPGSND,ar10mw,1,5_23
610,5,24,Ar 10  Spt,SPGSND,foxicc,1,5_24
632,5,1,Ar 11  Spt,SPGSND,ar13bw,1,5_1
632,5,2,Ar 11  Spt,SPGSND,deschw,1,5_2
632,5,3,Ar 11  Spt,SPGSND,ssdnph,1,5_3
632,5,4,Ar 11  Spt,SPGSND,nisqlh,1,5_4
632,5,5,Ar 11  Spt,SPGSND,nisqlw,1,5_5
632,5,6,Ar 11  Spt,SPGSND,foxish,1,5_6
632,5,7,Ar 11  Spt,SPGSND,mintch,1,5_7
632,5,8,Ar 11  Spt,SPGSND,ar13mw,1,5_8
632,5,9,Ar 11  Spt,SPGSND,chambh,1,5_9
632,5,10,Ar 11  Spt,SPGSND,ar13mh,1,5_10
632,5,11,Ar 11  Spt,SPGSND,ar13aw,1,5_11
632,5,12,Ar 11  Spt,SPGSND,puyalh,1,5_12
632,5,13,Ar 11  Spt,SPGSND,puyalw,1,5_13
632,5,14,Ar 11  Spt,SPGSND,are11h,1,5_14
632,5,15,Ar 11  Spt,SPGSND,ar11mw,1,5_15
632,5,16,Ar 11  Spt,SPGSND,ar10eh,NA,5_16
632,5,17,Ar 11  Spt,SPGSND,ar10ew,NA,5_17
632,5,18,Ar 11  Spt,SPGSND,greenh,NA,5_18
632,5,19,Ar 11  Spt,SPGSND,greenw,NA,5_19
632,5,20,Ar 11  Spt,SPGSND,lakwah,NA,5_20
632,5,21,Ar 11  Spt,SPGSND,lakwaw,NA,5_21
632,5,22,Ar 11  Spt,SPGSND,are10h,NA,5_22
632,5,23,Ar 11  Spt,SPGSND,ar10mw,NA,5_23
632,5,24,Ar 11  Spt,SPGSND,foxicc,1,5_24
620,5,1,Duwm R Spt,SPGSND,ar13bw,NA,5_1
620,5,2,Duwm R Spt,SPGSND,deschw,NA,5_2
620,5,3,Duwm R Spt,SPGSND,ssdnph,NA,5_3
620,5,4,Duwm R Spt,SPGSND,nisqlh,NA,5_4
620,5,5,Duwm R Spt,SPGSND,nisqlw,NA,5_5
620,5,6,Duwm R Spt,SPGSND,foxish,NA,5_6
620,5,7,Duwm R Spt,SPGSND,mintch,NA,5_7
620,5,8,Duwm R Spt,SPGSND,ar13mw,NA,5_8
620,5,9,Duwm R Spt,SPGSND,chambh,NA,5_9
620,5,10,Duwm R Spt,SPGSND,ar13mh,NA,5_10
620,5,11,Duwm R Spt,SPGSND,ar13aw,NA,5_11
620,5,12,Duwm R Spt,SPGSND,puyalh,NA,5_12
620,5,13,Duwm R Spt,SPGSND,puyalw,NA,5_13
620,5,14,Duwm R Spt,SPGSND,are11h,NA,5_14
620,5,15,Duwm R Spt,SPGSND,ar11mw,NA,5_15
620,5,16,Duwm R Spt,SPGSND,ar10eh,NA,5_16
620,5,17,Duwm R Spt,SPGSND,ar10ew,NA,5_17
620,5,18,Duwm R Spt,SPGSND,greenh,1,5_18
620,5,19,Duwm R Spt,SPGSND,greenw,1,5_19
620,5,20,Duwm R Spt,SPGSND,lakwah,NA,5_20
620,5,21,Duwm R Spt,SPGSND,lakwaw,NA,5_21
620,5,22,Duwm R Spt,SPGSND,are10h,NA,5_22
620,5,23,Duwm R Spt,SPGSND,ar10mw,NA,5_23
620,5,24,Duwm R Spt,SPGSND,foxicc,NA,5_24
622,5,1,L WaSm Spt,SPGSND,ar13bw,NA,5_1
622,5,2,L WaSm Spt,SPGSND,deschw,NA,5_2
622,5,3,L WaSm Spt,SPGSND,ssdnph,NA,5_3
622,5,4,L WaSm Spt,SPGSND,nisqlh,NA,5_4
622,5,5,L WaSm Spt,SPGSND,nisqlw,NA,5_5
622,5,6,L WaSm Spt,SPGSND,foxish,NA,5_6
622,5,7,L WaSm Spt,SPGSND,mintch,NA,5_7
622,5,8,L WaSm Spt,SPGSND,ar13mw,NA,5_8
622,5,9,L WaSm Spt,SPGSND,chambh,NA,5_9
622,5,10,L WaSm Spt,SPGSND,ar13mh,NA,5_10
622,5,11,L WaSm Spt,SPGSND,ar13aw,NA,5_11
622,5,12,L WaSm Spt,SPGSND,puyalh,NA,5_12
622,5,13,L WaSm Spt,SPGSND,puyalw,NA,5_13
622,5,14,L WaSm Spt,SPGSND,are11h,NA,5_14
622,5,15,L WaSm Spt,SPGSND,ar11mw,NA,5_15
622,5,16,L WaSm Spt,SPGSND,ar10eh,NA,5_16
622,5,17,L WaSm Spt,SPGSND,ar10ew,NA,5_17
622,5,18,L WaSm Spt,SPGSND,greenh,NA,5_18
622,5,19,L WaSm Spt,SPGSND,greenw,NA,5_19
622,5,20,L WaSm Spt,SPGSND,lakwah,1,5_20
622,5,21,L WaSm Spt,SPGSND,lakwaw,1,5_21
622,5,22,L WaSm Spt,SPGSND,are10h,NA,5_22
622,5,23,L WaSm Spt,SPGSND,ar10mw,NA,5_23
622,5,24,L WaSm Spt,SPGSND,foxicc,NA,5_24
638,5,1,Puyl R Spt,SPGSND,ar13bw,NA,5_1
638,5,2,Puyl R Spt,SPGSND,deschw,NA,5_2
638,5,3,Puyl R Spt,SPGSND,ssdnph,NA,5_3
638,5,4,Puyl R Spt,SPGSND,nisqlh,NA,5_4
638,5,5,Puyl R Spt,SPGSND,nisqlw,NA,5_5
638,5,6,Puyl R Spt,SPGSND,foxish,NA,5_6
638,5,7,Puyl R Spt,SPGSND,mintch,NA,5_7
638,5,8,Puyl R Spt,SPGSND,ar13mw,NA,5_8
638,5,9,Puyl R Spt,SPGSND,chambh,NA,5_9
638,5,10,Puyl R Spt,SPGSND,ar13mh,NA,5_10
638,5,11,Puyl R Spt,SPGSND,ar13aw,NA,5_11
638,5,12,Puyl R Spt,SPGSND,puyalh,1,5_12
638,5,13,Puyl R Spt,SPGSND,puyalw,1,5_13
638,5,14,Puyl R Spt,SPGSND,are11h,NA,5_14
638,5,15,Puyl R Spt,SPGSND,ar11mw,NA,5_15
638,5,16,Puyl R Spt,SPGSND,ar10eh,NA,5_16
638,5,17,Puyl R Spt,SPGSND,ar10ew,NA,5_17
638,5,18,Puyl R Spt,SPGSND,greenh,NA,5_18
638,5,19,Puyl R Spt,SPGSND,greenw,NA,5_19
638,5,20,Puyl R Spt,SPGSND,lakwah,NA,5_20
638,5,21,Puyl R Spt,SPGSND,lakwaw,NA,5_21
484,8,2,Quilly Spt,QUILUT,quilsh,1,8_2
1351,14,5,LCROrTS EH,COLRIV,claklw,NA,14_5
1351,14,6,LCROrTS EH,COLRIV,colrlh,NA,14_6
351,14,1,LCROrT Spt,COLRIV,colreh,1,14_1
351,14,2,LCROrT Spt,COLRIV,youngh,NA,14_2
351,14,3,LCROrT Spt,COLRIV,sandew,NA,14_3
1102,16,1,No Cal T W,ORECAL,oresoh,NA,16_1
1102,16,2,No Cal T W,ORECAL,oresow,NA,16_2
1102,16,3,No Cal T W,ORECAL,calnoh,NA,16_3
1102,16,4,No Cal T W,ORECAL,calnow,1,16_4
1102,16,5,No Cal T W,ORECAL,calcnh,NA,16_5
1102,16,6,No Cal T W,ORECAL,calcnw,NA,16_6
1103,16,1,Cn Cal T W,ORECAL,oresoh,NA,16_1
1103,16,2,Cn Cal T W,ORECAL,oresow,NA,16_2
1103,16,3,Cn Cal T W,ORECAL,calnoh,NA,16_3
1103,16,4,Cn Cal T W,ORECAL,calnow,NA,16_4
1103,16,5,Cn Cal T W,ORECAL,calcnh,NA,16_5
1103,16,6,Cn Cal T W,ORECAL,calcnw,1,16_6
1201,16,1,So Ore T W,ORECAL,oresoh,NA,16_1
1201,16,2,So Ore T W,ORECAL,oresow,1,16_2
1201,16,3,So Ore T W,ORECAL,calnoh,NA,16_3
1201,16,4,So Ore T W,ORECAL,calnow,NA,16_4
1201,16,5,So Ore T W,ORECAL,calcnh,NA,16_5
1201,16,6,So Ore T W,ORECAL,calcnw,NA,16_6
1202,15,1,Or Pv Aqua,OREGON,orecsh,NA,15_1
1202,15,2,Or Pv Aqua,OREGON,orecsw,NA,15_2
1202,15,3,Or Pv Aqua,OREGON,orenoh,NA,15_3
1202,15,4,Or Pv Aqua,OREGON,orenow,NA,15_4
1202,15,5,Or Pv Aqua,OREGON,orenmh,NA,15_5
1202,15,6,Or Pv Aqua,OREGON,orenmw,NA,15_6
1202,15,7,Or Pv Aqua,OREGON,oresmh,NA,15_7
1202,15,8,Or Pv Aqua,OREGON,oresmw,NA,15_8
1202,15,9,Or Pv Aqua,OREGON,oranah,NA,15_9
1202,15,10,Or Pv Aqua,OREGON,oraqah,1,15_10
1203,15,1,SMi Or T W,OREGON,orecsh,NA,15_1
1203,15,2,SMi Or T W,OREGON,orecsw,NA,15_2
1203,15,3,SMi Or T W,OREGON,orenoh,NA,15_3
1203,15,4,SMi Or T W,OREGON,orenow,NA,15_4
1203,15,5,SMi Or T W,OREGON,orenmh,NA,15_5
1203,15,6,SMi Or T W,OREGON,orenmw,NA,15_6
1203,15,7,SMi Or T W,OREGON,oresmh,NA,15_7
1203,15,8,SMi Or T W,OREGON,oresmw,1,15_8
1203,15,9,SMi Or T W,OREGON,oranah,NA,15_9
1203,15,10,SMi Or T W,OREGON,oraqah,NA,15_10
1204,15,1,NMi Or T W,OREGON,orecsh,NA,15_1
1204,15,2,NMi Or T W,OREGON,orecsw,NA,15_2
1204,15,3,NMi Or T W,OREGON,orenoh,NA,15_3
1204,15,4,NMi Or T W,OREGON,orenow,NA,15_4
1204,15,5,NMi Or T W,OREGON,orenmh,NA,15_5
1204,15,6,NMi Or T W,OREGON,orenmw,1,15_6
1204,15,7,NMi Or T W,OREGON,oresmh,NA,15_7
1204,15,8,NMi Or T W,OREGON,oresmw,NA,15_8
1204,15,9,NMi Or T W,OREGON,oranah,NA,15_9
1204,15,10,NMi Or T W,OREGON,oraqah,NA,15_10
1205,15,1,No Ore T W,OREGON,orecsh,NA,15_1
1205,15,2,No Ore T W,OREGON,orecsw,NA,15_2
1205,15,3,No Ore T W,OREGON,orenoh,NA,15_3
1205,15,4,No Ore T W,OREGON,orenow,1,15_4
1205,15,5,No Ore T W,OREGON,orenmh,NA,15_5
1205,15,6,No Ore T W,OREGON,orenmw,NA,15_6
1205,15,7,No Ore T W,OREGON,oresmh,NA,15_7
1205,15,8,No Ore T W,OREGON,oresmw,NA,15_8
1205,15,9,No Ore T W,OREGON,oranah,NA,15_9
1205,15,10,No Ore T W,OREGON,oraqah,NA,15_10
1206,15,1,Or Cst T W,OREGON,orecsh,NA,15_1
1206,15,2,Or Cst T W,OREGON,orecsw,1,15_2
1206,15,3,Or Cst T W,OREGON,orenoh,NA,15_3
1206,15,4,Or Cst T W,OREGON,orenow,NA,15_4
1206,15,5,Or Cst T W,OREGON,orenmh,NA,15_5
1206,15,6,Or Cst T W,OREGON,orenmw,NA,15_6
1206,15,7,Or Cst T W,OREGON,oresmh,NA,15_7
1206,15,8,Or Cst T W,OREGON,oresmw,NA,15_8
1206,15,9,Or Cst T W,OREGON,oranah,NA,15_9
1206,15,10,Or Cst T W,OREGON,oraqah,NA,15_10
2102,16,1,No Cal T H,ORECAL,oresoh,NA,16_1
2102,16,2,No Cal T H,ORECAL,oresow,NA,16_2
2102,16,3,No Cal T H,ORECAL,calnoh,1,16_3
2102,16,4,No Cal T H,ORECAL,calnow,NA,16_4
2102,16,5,No Cal T H,ORECAL,calcnh,NA,16_5
2102,16,6,No Cal T H,ORECAL,calcnw,NA,16_6
2103,16,1,Cn Cal T H,ORECAL,oresoh,NA,16_1
2103,16,2,Cn Cal T H,ORECAL,oresow,NA,16_2
2103,16,3,Cn Cal T H,ORECAL,calnoh,NA,16_3
2103,16,4,Cn Cal T H,ORECAL,calnow,NA,16_4
2103,16,5,Cn Cal T H,ORECAL,calcnh,NA,16_5
2103,16,6,Cn Cal T H,ORECAL,calcnw,1,16_6
2201,16,1,So Ore T H,ORECAL,oresoh,1,16_1
2201,16,2,So Ore T H,ORECAL,oresow,NA,16_2
2201,16,3,So Ore T H,ORECAL,calnoh,NA,16_3
2201,16,4,So Ore T H,ORECAL,calnow,NA,16_4
2201,16,5,So Ore T H,ORECAL,calcnh,NA,16_5
2201,16,6,So Ore T H,ORECAL,calcnw,NA,16_6
2202,15,1,Or Pv Anad,OREGON,orecsh,NA,15_1
2202,15,2,Or Pv Anad,OREGON,orecsw,NA,15_2
2202,15,3,Or Pv Anad,OREGON,orenoh,NA,15_3
2202,15,4,Or Pv Anad,OREGON,orenow,NA,15_4
2202,15,5,Or Pv Anad,OREGON,orenmh,NA,15_5
2202,15,6,Or Pv Anad,OREGON,orenmw,NA,15_6
2202,15,7,Or Pv Anad,OREGON,oresmh,NA,15_7
2202,15,8,Or Pv Anad,OREGON,oresmw,NA,15_8
2202,15,9,Or Pv Anad,OREGON,oranah,1,15_9
2202,15,10,Or Pv Anad,OREGON,oraqah,NA,15_10
2203,15,1,SMi Or T H,OREGON,orecsh,NA,15_1
2203,15,2,SMi Or T H,OREGON,orecsw,NA,15_2
2203,15,3,SMi Or T H,OREGON,orenoh,NA,15_3
2203,15,4,SMi Or T H,OREGON,orenow,NA,15_4
2203,15,5,SMi Or T H,OREGON,orenmh,NA,15_5
2203,15,6,SMi Or T H,OREGON,orenmw,NA,15_6
2203,15,7,SMi Or T H,OREGON,oresmh,1,15_7
2203,15,8,SMi Or T H,OREGON,oresmw,NA,15_8
2203,15,9,SMi Or T H,OREGON,oranah,NA,15_9
2203,15,10,SMi Or T H,OREGON,oraqah,NA,15_10
2204,15,1,NMi Or T H,OREGON,orecsh,NA,15_1
2204,15,2,NMi Or T H,OREGON,orecsw,NA,15_2
2204,15,3,NMi Or T H,OREGON,orenoh,NA,15_3
2204,15,4,NMi Or T H,OREGON,orenow,NA,15_4
2204,15,5,NMi Or T H,OREGON,orenmh,1,15_5
2204,15,6,NMi Or T H,OREGON,orenmw,NA,15_6
2204,15,7,NMi Or T H,OREGON,oresmh,NA,15_7
2204,15,8,NMi Or T H,OREGON,oresmw,NA,15_8
2204,15,9,NMi Or T H,OREGON,oranah,NA,15_9
2204,15,10,NMi Or T H,OREGON,oraqah,NA,15_10
2205,15,1,No Ore T H,OREGON,orecsh,NA,15_1
2205,15,2,No Ore T H,OREGON,orecsw,NA,15_2
2205,15,3,No Ore T H,OREGON,orenoh,1,15_3
2205,15,4,No Ore T H,OREGON,orenow,NA,15_4
2205,15,5,No Ore T H,OREGON,orenmh,NA,15_5
2205,15,6,No Ore T H,OREGON,orenmw,NA,15_6
2205,15,7,No Ore T H,OREGON,oresmh,NA,15_7
2205,15,8,No Ore T H,OREGON,oresmw,NA,15_8
2205,15,9,No Ore T H,OREGON,oranah,NA,15_9
2205,15,10,No Ore T H,OREGON,oraqah,NA,15_10
2206,15,1,Or Cst T H,OREGON,orecsh,1,15_1
2206,15,2,Or Cst T H,OREGON,orecsw,NA,15_2
2206,15,3,Or Cst T H,OREGON,orenoh,NA,15_3
2206,15,4,Or Cst T H,OREGON,orenow,NA,15_4
2206,15,5,Or Cst T H,OREGON,orenmh,NA,15_5
2206,15,6,Or Cst T H,OREGON,orenmw,NA,15_6
2206,15,7,Or Cst T H,OREGON,oresmh,NA,15_7
2206,15,8,Or Cst T H,OREGON,oresmw,NA,15_8
2206,15,9,Or Cst T H,OREGON,oranah,NA,15_9
2206,15,10,Or Cst T H,OREGON,oraqah,NA,15_10
1801,17,1,GSMLND T W,GSMLND,gsmndh,NA,17_1
1801,17,2,GSMLND T W,GSMLND,gsmndw,1,17_2
1802,18,1,GSVNCI T W,GSVNCI,gsvcih,NA,18_1
1802,18,2,GSVNCI T W,GSVNCI,gsvciw,1,18_2
1803,19,1,JNSTRT T W,JNSTRT,jnstrh,NA,19_1
1803,19,2,JNSTRT T W,JNSTRT,jnstrw,1,19_2
1804,20,1,SWVNCI T W,SWVNCI,swvcih,NA,20_1
1804,20,2,SWVNCI T W,SWVNCI,swvciw,1,20_2
1805,21,1,NWVNCI T W,NWVNCI,nwvcih,NA,21_1
1805,21,2,NWVNCI T W,NWVNCI,nwvciw,1,21_2
1806,22,1,FRSLOW T W,FRSLOW,frslwh,NA,22_1
1806,22,2,FRSLOW T W,FRSLOW,frslww,1,22_2
1807,23,1,FRSUPP T W,FRSUPP,frsuph,NA,23_1
1807,23,2,FRSUPP T W,FRSUPP,frsupw,1,23_2
1808,24,1,THOMPR T W,THOMPR,thomph,NA,24_1
1808,24,2,THOMPR T W,THOMPR,thompw,1,24_2
2801,17,1,GSMLND T H,GSMLND,gsmndh,1,17_1
2801,17,2,GSMLND T H,GSMLND,gsmndw,NA,17_2
2802,18,1,GSVNCI T H,GSVNCI,gsvcih,1,18_1
2802,18,2,GSVNCI T H,GSVNCI,gsvciw,NA,18_2
2803,19,1,JNSTRT T H,JNSTRT,jnstrh,1,19_1
2803,19,2,JNSTRT T H,JNSTRT,jnstrw,NA,19_2
2804,20,1,SWVNCI T H,SWVNCI,swvcih,1,20_1
2804,20,2,SWVNCI T H,SWVNCI,swvciw,NA,20_2
2805,21,1,NWVNCI T H,NWVNCI,nwvcih,1,21_1
2805,21,2,NWVNCI T H,NWVNCI,nwvciw,NA,21_2
2806,22,1,FRSLOW T H,FRSLOW,frslwh,1,22_1
2806,22,2,FRSLOW T H,FRSLOW,frslww,NA,22_2
2807,23,1,FRSUPP T H,FRSUPP,frsuph,1,23_1
2807,23,2,FRSUPP T H,FRSUPP,frsupw,NA,23_2
2808,24,1,THOMPR T H,THOMPR,thomph,1,24_1
2808,24,2,THOMPR T H,THOMPR,thompw,NA,24_2
638,5,22,Puyl R Spt,SPGSND,are10h,NA,5_22
638,5,23,Puyl R Spt,SPGSND,ar10mw,NA,5_23
638,5,24,Puyl R Spt,SPGSND,foxicc,NA,5_24
651,5,1,Ar 13  Net,SPGSND,ar13bw,1,5_1
651,5,2,Ar 13  Net,SPGSND,deschw,1,5_2
651,5,3,Ar 13  Net,SPGSND,ssdnph,1,5_3
651,5,4,Ar 13  Net,SPGSND,nisqlh,1,5_4
651,5,5,Ar 13  Net,SPGSND,nisqlw,1,5_5
651,5,6,Ar 13  Net,SPGSND,foxish,1,5_6
651,5,7,Ar 13  Net,SPGSND,mintch,1,5_7
651,5,8,Ar 13  Net,SPGSND,ar13mw,1,5_8
651,5,9,Ar 13  Net,SPGSND,chambh,1,5_9
651,5,10,Ar 13  Net,SPGSND,ar13mh,1,5_10
651,5,11,Ar 13  Net,SPGSND,ar13aw,1,5_11
651,5,12,Ar 13  Net,SPGSND,puyalh,NA,5_12
651,5,13,Ar 13  Net,SPGSND,puyalw,NA,5_13
651,5,14,Ar 13  Net,SPGSND,are11h,NA,5_14
651,5,15,Ar 13  Net,SPGSND,ar11mw,NA,5_15
651,5,16,Ar 13  Net,SPGSND,ar10eh,NA,5_16
651,5,17,Ar 13  Net,SPGSND,ar10ew,NA,5_17
651,5,18,Ar 13  Net,SPGSND,greenh,NA,5_18
651,5,19,Ar 13  Net,SPGSND,greenw,NA,5_19
651,5,20,Ar 13  Net,SPGSND,lakwah,NA,5_20
651,5,21,Ar 13  Net,SPGSND,lakwaw,NA,5_21
651,5,22,Ar 13  Net,SPGSND,are10h,NA,5_22
651,5,23,Ar 13  Net,SPGSND,ar10mw,NA,5_23
651,5,24,Ar 13  Net,SPGSND,foxicc,1,5_24
656,5,1,Ar 13A Net,SPGSND,ar13bw,NA,5_1
656,5,2,Ar 13A Net,SPGSND,deschw,NA,5_2
656,5,3,Ar 13A Net,SPGSND,ssdnph,NA,5_3
656,5,4,Ar 13A Net,SPGSND,nisqlh,NA,5_4
656,5,5,Ar 13A Net,SPGSND,nisqlw,NA,5_5
656,5,6,Ar 13A Net,SPGSND,foxish,1,5_6
656,5,7,Ar 13A Net,SPGSND,mintch,1,5_7
656,5,8,Ar 13A Net,SPGSND,ar13mw,NA,5_8
656,5,9,Ar 13A Net,SPGSND,chambh,NA,5_9
656,5,10,Ar 13A Net,SPGSND,ar13mh,NA,5_10
656,5,11,Ar 13A Net,SPGSND,ar13aw,1,5_11
656,5,12,Ar 13A Net,SPGSND,puyalh,NA,5_12
656,5,13,Ar 13A Net,SPGSND,puyalw,NA,5_13
656,5,14,Ar 13A Net,SPGSND,are11h,NA,5_14
656,5,15,Ar 13A Net,SPGSND,ar11mw,NA,5_15
656,5,16,Ar 13A Net,SPGSND,ar10eh,NA,5_16
656,5,17,Ar 13A Net,SPGSND,ar10ew,NA,5_17
656,5,18,Ar 13A Net,SPGSND,greenh,NA,5_18
656,5,19,Ar 13A Net,SPGSND,greenw,NA,5_19
656,5,20,Ar 13A Net,SPGSND,lakwah,NA,5_20
656,5,21,Ar 13A Net,SPGSND,lakwaw,NA,5_21
656,5,22,Ar 13A Net,SPGSND,are10h,NA,5_22
656,5,23,Ar 13A Net,SPGSND,ar10mw,NA,5_23
656,5,24,Ar 13A Net,SPGSND,foxicc,NA,5_24
655,5,1,Ar 13C Net,SPGSND,ar13bw,NA,5_1
655,5,2,Ar 13C Net,SPGSND,deschw,NA,5_2
655,5,3,Ar 13C Net,SPGSND,ssdnph,NA,5_3
655,5,4,Ar 13C Net,SPGSND,nisqlh,NA,5_4
655,5,5,Ar 13C Net,SPGSND,nisqlw,NA,5_5
655,5,6,Ar 13C Net,SPGSND,foxish,NA,5_6
655,5,7,Ar 13C Net,SPGSND,mintch,NA,5_7
655,5,8,Ar 13C Net,SPGSND,ar13mw,NA,5_8
655,5,9,Ar 13C Net,SPGSND,chambh,1,5_9
655,5,10,Ar 13C Net,SPGSND,ar13mh,1,5_10
655,5,11,Ar 13C Net,SPGSND,ar13aw,NA,5_11
655,5,12,Ar 13C Net,SPGSND,puyalh,NA,5_12
655,5,13,Ar 13C Net,SPGSND,puyalw,NA,5_13
655,5,14,Ar 13C Net,SPGSND,are11h,NA,5_14
655,5,15,Ar 13C Net,SPGSND,ar11mw,NA,5_15
655,5,16,Ar 13C Net,SPGSND,ar10eh,NA,5_16
655,5,17,Ar 13C Net,SPGSND,ar10ew,NA,5_17
655,5,18,Ar 13C Net,SPGSND,greenh,NA,5_18
655,5,19,Ar 13C Net,SPGSND,greenw,NA,5_19
655,5,20,Ar 13C Net,SPGSND,lakwah,NA,5_20
655,5,21,Ar 13C Net,SPGSND,lakwaw,NA,5_21
655,5,22,Ar 13C Net,SPGSND,are10h,NA,5_22
655,5,23,Ar 13C Net,SPGSND,ar10mw,NA,5_23
655,5,24,Ar 13C Net,SPGSND,foxicc,1,5_24
657,5,1,Ar 13D Net,SPGSND,ar13bw,1,5_1
657,5,2,Ar 13D Net,SPGSND,deschw,1,5_2
657,5,3,Ar 13D Net,SPGSND,ssdnph,1,5_3
657,5,4,Ar 13D Net,SPGSND,nisqlh,NA,5_4
657,5,5,Ar 13D Net,SPGSND,nisqlw,NA,5_5
657,5,6,Ar 13D Net,SPGSND,foxish,NA,5_6
657,5,7,Ar 13D Net,SPGSND,mintch,NA,5_7
657,5,8,Ar 13D Net,SPGSND,ar13mw,NA,5_8
657,5,9,Ar 13D Net,SPGSND,chambh,NA,5_9
657,5,10,Ar 13D Net,SPGSND,ar13mh,NA,5_10
657,5,11,Ar 13D Net,SPGSND,ar13aw,NA,5_11
657,5,12,Ar 13D Net,SPGSND,puyalh,NA,5_12
657,5,13,Ar 13D Net,SPGSND,puyalw,NA,5_13
657,5,14,Ar 13D Net,SPGSND,are11h,NA,5_14
657,5,15,Ar 13D Net,SPGSND,ar11mw,NA,5_15
657,5,16,Ar 13D Net,SPGSND,ar10eh,NA,5_16
657,5,17,Ar 13D Net,SPGSND,ar10ew,NA,5_17
657,5,18,Ar 13D Net,SPGSND,greenh,NA,5_18
657,5,19,Ar 13D Net,SPGSND,greenw,NA,5_19
657,5,20,Ar 13D Net,SPGSND,lakwah,NA,5_20
657,5,21,Ar 13D Net,SPGSND,lakwaw,NA,5_21
657,5,22,Ar 13D Net,SPGSND,are10h,NA,5_22
657,5,23,Ar 13D Net,SPGSND,ar10mw,NA,5_23
657,5,24,Ar 13D Net,SPGSND,foxicc,NA,5_24
659,5,1,A13FK  Net,SPGSND,ar13bw,1,5_1
659,5,2,A13FK  Net,SPGSND,deschw,NA,5_2
659,5,3,A13FK  Net,SPGSND,ssdnph,NA,5_3
659,5,4,A13FK  Net,SPGSND,nisqlh,NA,5_4
659,5,5,A13FK  Net,SPGSND,nisqlw,NA,5_5
659,5,6,A13FK  Net,SPGSND,foxish,NA,5_6
659,5,7,A13FK  Net,SPGSND,mintch,NA,5_7
659,5,8,A13FK  Net,SPGSND,ar13mw,NA,5_8
659,5,9,A13FK  Net,SPGSND,chambh,NA,5_9
659,5,10,A13FK  Net,SPGSND,ar13mh,NA,5_10
659,5,11,A13FK  Net,SPGSND,ar13aw,NA,5_11
659,5,12,A13FK  Net,SPGSND,puyalh,NA,5_12
659,5,13,A13FK  Net,SPGSND,puyalw,NA,5_13
659,5,14,A13FK  Net,SPGSND,are11h,NA,5_14
659,5,15,A13FK  Net,SPGSND,ar11mw,NA,5_15
659,5,16,A13FK  Net,SPGSND,ar10eh,NA,5_16
659,5,17,A13FK  Net,SPGSND,ar10ew,NA,5_17
659,5,18,A13FK  Net,SPGSND,greenh,NA,5_18
659,5,19,A13FK  Net,SPGSND,greenw,NA,5_19
659,5,20,A13FK  Net,SPGSND,lakwah,NA,5_20
659,5,21,A13FK  Net,SPGSND,lakwaw,NA,5_21
659,5,22,A13FK  Net,SPGSND,are10h,NA,5_22
659,5,23,A13FK  Net,SPGSND,ar10mw,NA,5_23
659,5,24,A13FK  Net,SPGSND,foxicc,NA,5_24
661,5,1,Nisq R Net,SPGSND,ar13bw,NA,5_1
661,5,2,Nisq R Net,SPGSND,deschw,NA,5_2
661,5,3,Nisq R Net,SPGSND,ssdnph,NA,5_3
661,5,4,Nisq R Net,SPGSND,nisqlh,1,5_4
661,5,5,Nisq R Net,SPGSND,nisqlw,1,5_5
661,5,6,Nisq R Net,SPGSND,foxish,NA,5_6
661,5,7,Nisq R Net,SPGSND,mintch,NA,5_7
661,5,8,Nisq R Net,SPGSND,ar13mw,NA,5_8
661,5,9,Nisq R Net,SPGSND,chambh,NA,5_9
661,5,10,Nisq R Net,SPGSND,ar13mh,NA,5_10
661,5,11,Nisq R Net,SPGSND,ar13aw,NA,5_11
661,5,12,Nisq R Net,SPGSND,puyalh,NA,5_12
661,5,13,Nisq R Net,SPGSND,puyalw,NA,5_13
661,5,14,Nisq R Net,SPGSND,are11h,NA,5_14
661,5,15,Nisq R Net,SPGSND,ar11mw,NA,5_15
661,5,16,Nisq R Net,SPGSND,ar10eh,NA,5_16
661,5,17,Nisq R Net,SPGSND,ar10ew,NA,5_17
661,5,18,Nisq R Net,SPGSND,greenh,NA,5_18
661,5,19,Nisq R Net,SPGSND,greenw,NA,5_19
661,5,20,Nisq R Net,SPGSND,lakwah,NA,5_20
661,5,21,Nisq R Net,SPGSND,lakwaw,NA,5_21
661,5,22,Nisq R Net,SPGSND,are10h,NA,5_22
661,5,23,Nisq R Net,SPGSND,ar10mw,NA,5_23
661,5,24,Nisq R Net,SPGSND,foxicc,NA,5_24
663,5,1,McAlls Net,SPGSND,ar13bw,NA,5_1
663,5,2,McAlls Net,SPGSND,deschw,NA,5_2
663,5,3,McAlls Net,SPGSND,ssdnph,NA,5_3
663,5,4,McAlls Net,SPGSND,nisqlh,NA,5_4
663,5,5,McAlls Net,SPGSND,nisqlw,NA,5_5
663,5,6,McAlls Net,SPGSND,foxish,NA,5_6
663,5,7,McAlls Net,SPGSND,mintch,NA,5_7
663,5,8,McAlls Net,SPGSND,ar13mw,1,5_8
663,5,9,McAlls Net,SPGSND,chambh,NA,5_9
663,5,10,McAlls Net,SPGSND,ar13mh,NA,5_10
663,5,11,McAlls Net,SPGSND,ar13aw,NA,5_11
663,5,12,McAlls Net,SPGSND,puyalh,NA,5_12
663,5,13,McAlls Net,SPGSND,puyalw,NA,5_13
663,5,14,McAlls Net,SPGSND,are11h,NA,5_14
663,5,15,McAlls Net,SPGSND,ar11mw,NA,5_15
663,5,16,McAlls Net,SPGSND,ar10eh,NA,5_16
663,5,17,McAlls Net,SPGSND,ar10ew,NA,5_17
663,5,18,McAlls Net,SPGSND,greenh,NA,5_18
663,5,19,McAlls Net,SPGSND,greenw,NA,5_19
663,5,20,McAlls Net,SPGSND,lakwah,NA,5_20
663,5,21,McAlls Net,SPGSND,lakwaw,NA,5_21
663,5,22,McAlls Net,SPGSND,are10h,NA,5_22
663,5,23,McAlls Net,SPGSND,ar10mw,NA,5_23
663,5,24,McAlls Net,SPGSND,foxicc,NA,5_24
650,5,1,Ar 13  Spt,SPGSND,ar13bw,1,5_1
650,5,2,Ar 13  Spt,SPGSND,deschw,1,5_2
650,5,3,Ar 13  Spt,SPGSND,ssdnph,1,5_3
650,5,4,Ar 13  Spt,SPGSND,nisqlh,1,5_4
650,5,5,Ar 13  Spt,SPGSND,nisqlw,1,5_5
650,5,6,Ar 13  Spt,SPGSND,foxish,1,5_6
650,5,7,Ar 13  Spt,SPGSND,mintch,1,5_7
650,5,8,Ar 13  Spt,SPGSND,ar13mw,1,5_8
650,5,9,Ar 13  Spt,SPGSND,chambh,1,5_9
650,5,10,Ar 13  Spt,SPGSND,ar13mh,1,5_10
650,5,11,Ar 13  Spt,SPGSND,ar13aw,1,5_11
650,5,12,Ar 13  Spt,SPGSND,puyalh,NA,5_12
650,5,13,Ar 13  Spt,SPGSND,puyalw,NA,5_13
650,5,14,Ar 13  Spt,SPGSND,are11h,NA,5_14
650,5,15,Ar 13  Spt,SPGSND,ar11mw,NA,5_15
650,5,16,Ar 13  Spt,SPGSND,ar10eh,NA,5_16
650,5,17,Ar 13  Spt,SPGSND,ar10ew,NA,5_17
650,5,18,Ar 13  Spt,SPGSND,greenh,NA,5_18
650,5,19,Ar 13  Spt,SPGSND,greenw,NA,5_19
650,5,20,Ar 13  Spt,SPGSND,lakwah,NA,5_20
650,5,21,Ar 13  Spt,SPGSND,lakwaw,NA,5_21
650,5,22,Ar 13  Spt,SPGSND,are10h,NA,5_22
650,5,23,Ar 13  Spt,SPGSND,ar10mw,NA,5_23
650,5,24,Ar 13  Spt,SPGSND,foxicc,1,5_24
683,5,1,13D-K TSpt,SPGSND,ar13bw,1,5_1
683,5,2,13D-K TSpt,SPGSND,deschw,NA,5_2
683,5,3,13D-K TSpt,SPGSND,ssdnph,NA,5_3
683,5,4,13D-K TSpt,SPGSND,nisqlh,NA,5_4
683,5,5,13D-K TSpt,SPGSND,nisqlw,NA,5_5
683,5,6,13D-K TSpt,SPGSND,foxish,NA,5_6
683,5,7,13D-K TSpt,SPGSND,mintch,1,5_7
683,5,8,13D-K TSpt,SPGSND,ar13mw,NA,5_8
683,5,9,13D-K TSpt,SPGSND,chambh,NA,5_9
683,5,10,13D-K TSpt,SPGSND,ar13mh,1,5_10
683,5,11,13D-K TSpt,SPGSND,ar13aw,NA,5_11
683,5,12,13D-K TSpt,SPGSND,puyalh,NA,5_12
683,5,13,13D-K TSpt,SPGSND,puyalw,NA,5_13
683,5,14,13D-K TSpt,SPGSND,are11h,NA,5_14
683,5,15,13D-K TSpt,SPGSND,ar11mw,NA,5_15
683,5,16,13D-K TSpt,SPGSND,ar10eh,NA,5_16
683,5,17,13D-K TSpt,SPGSND,ar10ew,NA,5_17
683,5,18,13D-K TSpt,SPGSND,greenh,NA,5_18
683,5,19,13D-K TSpt,SPGSND,greenw,NA,5_19
683,5,20,13D-K TSpt,SPGSND,lakwah,NA,5_20
683,5,21,13D-K TSpt,SPGSND,lakwaw,NA,5_21
683,5,22,13D-K TSpt,SPGSND,are10h,NA,5_22
683,5,23,13D-K TSpt,SPGSND,ar10mw,NA,5_23
683,5,24,13D-K TSpt,SPGSND,foxicc,NA,5_24
685,5,1,Nisq R Spt,SPGSND,ar13bw,NA,5_1
685,5,2,Nisq R Spt,SPGSND,deschw,NA,5_2
685,5,3,Nisq R Spt,SPGSND,ssdnph,NA,5_3
685,5,4,Nisq R Spt,SPGSND,nisqlh,1,5_4
685,5,5,Nisq R Spt,SPGSND,nisqlw,1,5_5
685,5,6,Nisq R Spt,SPGSND,foxish,NA,5_6
685,5,7,Nisq R Spt,SPGSND,mintch,NA,5_7
685,5,8,Nisq R Spt,SPGSND,ar13mw,NA,5_8
685,5,9,Nisq R Spt,SPGSND,chambh,NA,5_9
685,5,10,Nisq R Spt,SPGSND,ar13mh,NA,5_10
685,5,11,Nisq R Spt,SPGSND,ar13aw,NA,5_11
685,5,12,Nisq R Spt,SPGSND,puyalh,NA,5_12
685,5,13,Nisq R Spt,SPGSND,puyalw,NA,5_13
685,5,14,Nisq R Spt,SPGSND,are11h,NA,5_14
685,5,15,Nisq R Spt,SPGSND,ar11mw,NA,5_15
685,5,16,Nisq R Spt,SPGSND,ar10eh,NA,5_16
685,5,17,Nisq R Spt,SPGSND,ar10ew,NA,5_17
685,5,18,Nisq R Spt,SPGSND,greenh,NA,5_18
685,5,19,Nisq R Spt,SPGSND,greenw,NA,5_19
685,5,20,Nisq R Spt,SPGSND,lakwah,NA,5_20
685,5,21,Nisq R Spt,SPGSND,lakwaw,NA,5_21
685,5,22,Nisq R Spt,SPGSND,are10h,NA,5_22
685,5,23,Nisq R Spt,SPGSND,ar10mw,NA,5_23
685,5,24,Nisq R Spt,SPGSND,foxicc,NA,5_24
687,5,1,Desc R Spt,SPGSND,ar13bw,NA,5_1
687,5,2,Desc R Spt,SPGSND,deschw,1,5_2
687,5,3,Desc R Spt,SPGSND,ssdnph,NA,5_3
687,5,4,Desc R Spt,SPGSND,nisqlh,NA,5_4
687,5,5,Desc R Spt,SPGSND,nisqlw,NA,5_5
687,5,6,Desc R Spt,SPGSND,foxish,NA,5_6
687,5,7,Desc R Spt,SPGSND,mintch,NA,5_7
687,5,8,Desc R Spt,SPGSND,ar13mw,NA,5_8
687,5,9,Desc R Spt,SPGSND,chambh,NA,5_9
687,5,10,Desc R Spt,SPGSND,ar13mh,NA,5_10
687,5,11,Desc R Spt,SPGSND,ar13aw,NA,5_11
687,5,12,Desc R Spt,SPGSND,puyalh,NA,5_12
687,5,13,Desc R Spt,SPGSND,puyalw,NA,5_13
687,5,14,Desc R Spt,SPGSND,are11h,NA,5_14
687,5,15,Desc R Spt,SPGSND,ar11mw,NA,5_15
687,5,16,Desc R Spt,SPGSND,ar10eh,NA,5_16
687,5,17,Desc R Spt,SPGSND,ar10ew,NA,5_17
687,5,18,Desc R Spt,SPGSND,greenh,NA,5_18
687,5,19,Desc R Spt,SPGSND,greenw,NA,5_19
687,5,20,Desc R Spt,SPGSND,lakwah,NA,5_20
687,5,21,Desc R Spt,SPGSND,lakwaw,NA,5_21
687,5,22,Desc R Spt,SPGSND,are10h,NA,5_22
687,5,23,Desc R Spt,SPGSND,ar10mw,NA,5_23
687,5,24,Desc R Spt,SPGSND,foxicc,NA,5_24
705,4,1,12/12B Net,HOODCL,ptgamh,1,4_1
705,4,2,12/12B Net,HOODCL,ptgamw,1,4_2
705,4,3,12/12B Net,HOODCL,ar12bw,1,4_3
705,4,4,12/12B Net,HOODCL,qlcnbh,1,4_4
705,4,5,12/12B Net,HOODCL,qlcenh,1,4_5
705,4,6,12/12B Net,HOODCL,ar12aw,1,4_6
705,4,7,12/12B Net,HOODCL,hoodsh,1,4_7
705,4,8,12/12B Net,HOODCL,ar12dw,1,4_8
705,4,9,12/12B Net,HOODCL,gadamh,1,4_9
705,4,10,12/12B Net,HOODCL,skokrw,1,4_10
707,4,1,Ar 12C Net,HOODCL,ptgamh,NA,4_1
707,4,2,Ar 12C Net,HOODCL,ptgamw,NA,4_2
707,4,3,Ar 12C Net,HOODCL,ar12bw,NA,4_3
707,4,4,Ar 12C Net,HOODCL,qlcnbh,NA,4_4
707,4,5,Ar 12C Net,HOODCL,qlcenh,NA,4_5
707,4,6,Ar 12C Net,HOODCL,ar12aw,NA,4_6
707,4,7,Ar 12C Net,HOODCL,hoodsh,1,4_7
707,4,8,Ar 12C Net,HOODCL,ar12dw,1,4_8
707,4,9,Ar 12C Net,HOODCL,gadamh,1,4_9
707,4,10,Ar 12C Net,HOODCL,skokrw,1,4_10
709,4,1,Ar 12A Net,HOODCL,ptgamh,NA,4_1
709,4,2,Ar 12A Net,HOODCL,ptgamw,NA,4_2
709,4,3,Ar 12A Net,HOODCL,ar12bw,NA,4_3
709,4,4,Ar 12A Net,HOODCL,qlcnbh,1,4_4
709,4,5,Ar 12A Net,HOODCL,qlcenh,1,4_5
709,4,6,Ar 12A Net,HOODCL,ar12aw,1,4_6
709,4,7,Ar 12A Net,HOODCL,hoodsh,NA,4_7
709,4,8,Ar 12A Net,HOODCL,ar12dw,NA,4_8
709,4,9,Ar 12A Net,HOODCL,gadamh,NA,4_9
709,4,10,Ar 12A Net,HOODCL,skokrw,NA,4_10
711,4,1,Ar 12D Net,HOODCL,ptgamh,NA,4_1
711,4,2,Ar 12D Net,HOODCL,ptgamw,NA,4_2
711,4,3,Ar 12D Net,HOODCL,ar12bw,NA,4_3
711,4,4,Ar 12D Net,HOODCL,qlcnbh,NA,4_4
711,4,5,Ar 12D Net,HOODCL,qlcenh,NA,4_5
711,4,6,Ar 12D Net,HOODCL,ar12aw,NA,4_6
711,4,7,Ar 12D Net,HOODCL,hoodsh,NA,4_7
711,4,8,Ar 12D Net,HOODCL,ar12dw,1,4_8
711,4,9,Ar 12D Net,HOODCL,gadamh,NA,4_9
711,4,10,Ar 12D Net,HOODCL,skokrw,NA,4_10
721,4,1,Ar 9A  Net,HOODCL,ptgamh,1,4_1
721,4,2,Ar 9A  Net,HOODCL,ptgamw,1,4_2
721,4,3,Ar 9A  Net,HOODCL,ar12bw,NA,4_3
721,4,4,Ar 9A  Net,HOODCL,qlcnbh,NA,4_4
721,4,5,Ar 9A  Net,HOODCL,qlcenh,NA,4_5
721,4,6,Ar 9A  Net,HOODCL,ar12aw,NA,4_6
721,4,7,Ar 9A  Net,HOODCL,hoodsh,NA,4_7
721,4,8,Ar 9A  Net,HOODCL,ar12dw,NA,4_8
721,4,9,Ar 9A  Net,HOODCL,gadamh,NA,4_9
721,4,10,Ar 9A  Net,HOODCL,skokrw,NA,4_10
722,4,1,9 OnRs Net,HOODCL,ptgamh,1,4_1
722,4,2,9 OnRs Net,HOODCL,ptgamw,1,4_2
722,4,3,9 OnRs Net,HOODCL,ar12bw,NA,4_3
722,4,4,9 OnRs Net,HOODCL,qlcnbh,NA,4_4
722,4,5,9 OnRs Net,HOODCL,qlcenh,NA,4_5
722,4,6,9 OnRs Net,HOODCL,ar12aw,NA,4_6
722,4,7,9 OnRs Net,HOODCL,hoodsh,NA,4_7
722,4,8,9 OnRs Net,HOODCL,ar12dw,NA,4_8
722,4,9,9 OnRs Net,HOODCL,gadamh,NA,4_9
722,4,10,9 OnRs Net,HOODCL,skokrw,NA,4_10
731,4,1,Skok R Net,HOODCL,ptgamh,NA,4_1
731,4,2,Skok R Net,HOODCL,ptgamw,NA,4_2
731,4,3,Skok R Net,HOODCL,ar12bw,NA,4_3
731,4,4,Skok R Net,HOODCL,qlcnbh,NA,4_4
731,4,5,Skok R Net,HOODCL,qlcenh,NA,4_5
731,4,6,Skok R Net,HOODCL,ar12aw,NA,4_6
731,4,7,Skok R Net,HOODCL,hoodsh,NA,4_7
731,4,8,Skok R Net,HOODCL,ar12dw,NA,4_8
731,4,9,Skok R Net,HOODCL,gadamh,1,4_9
731,4,10,Skok R Net,HOODCL,skokrw,1,4_10
733,4,1,Quilcn Net,HOODCL,ptgamh,NA,4_1
733,4,2,Quilcn Net,HOODCL,ptgamw,NA,4_2
733,4,3,Quilcn Net,HOODCL,ar12bw,NA,4_3
733,4,4,Quilcn Net,HOODCL,qlcnbh,1,4_4
733,4,5,Quilcn Net,HOODCL,qlcenh,1,4_5
733,4,6,Quilcn Net,HOODCL,ar12aw,1,4_6
733,4,7,Quilcn Net,HOODCL,hoodsh,NA,4_7
733,4,8,Quilcn Net,HOODCL,ar12dw,NA,4_8
733,4,9,Quilcn Net,HOODCL,gadamh,NA,4_9
733,4,10,Quilcn Net,HOODCL,skokrw,NA,4_10
702,4,1,Ar 12  Spt,HOODCL,ptgamh,1,4_1
702,4,2,Ar 12  Spt,HOODCL,ptgamw,1,4_2
702,4,3,Ar 12  Spt,HOODCL,ar12bw,1,4_3
702,4,4,Ar 12  Spt,HOODCL,qlcnbh,1,4_4
702,4,5,Ar 12  Spt,HOODCL,qlcenh,1,4_5
702,4,6,Ar 12  Spt,HOODCL,ar12aw,1,4_6
702,4,7,Ar 12  Spt,HOODCL,hoodsh,1,4_7
702,4,8,Ar 12  Spt,HOODCL,ar12dw,1,4_8
702,4,9,Ar 12  Spt,HOODCL,gadamh,1,4_9
702,4,10,Ar 12  Spt,HOODCL,skokrw,1,4_10
753,4,1,1212B TSpt,HOODCL,ptgamh,NA,4_1
753,4,2,1212B TSpt,HOODCL,ptgamw,NA,4_2
753,4,3,1212B TSpt,HOODCL,ar12bw,1,4_3
753,4,4,1212B TSpt,HOODCL,qlcnbh,NA,4_4
753,4,5,1212B TSpt,HOODCL,qlcenh,NA,4_5
753,4,6,1212B TSpt,HOODCL,ar12aw,NA,4_6
753,4,7,1212B TSpt,HOODCL,hoodsh,NA,4_7
753,4,8,1212B TSpt,HOODCL,ar12dw,NA,4_8
753,4,9,1212B TSpt,HOODCL,gadamh,NA,4_9
753,4,10,1212B TSpt,HOODCL,skokrw,NA,4_10
754,4,1,12A Tb Spt,HOODCL,ptgamh,NA,4_1
754,4,2,12A Tb Spt,HOODCL,ptgamw,NA,4_2
754,4,3,12A Tb Spt,HOODCL,ar12bw,NA,4_3
754,4,4,12A Tb Spt,HOODCL,qlcnbh,1,4_4
754,4,5,12A Tb Spt,HOODCL,qlcenh,1,4_5
754,4,6,12A Tb Spt,HOODCL,ar12aw,1,4_6
754,4,7,12A Tb Spt,HOODCL,hoodsh,NA,4_7
754,4,8,12A Tb Spt,HOODCL,ar12dw,NA,4_8
754,4,9,12A Tb Spt,HOODCL,gadamh,NA,4_9
754,4,10,12A Tb Spt,HOODCL,skokrw,NA,4_10
755,4,1,12C-D TSpt,HOODCL,ptgamh,NA,4_1
755,4,2,12C-D TSpt,HOODCL,ptgamw,NA,4_2
755,4,3,12C-D TSpt,HOODCL,ar12bw,NA,4_3
755,4,4,12C-D TSpt,HOODCL,qlcnbh,NA,4_4
755,4,5,12C-D TSpt,HOODCL,qlcenh,NA,4_5
755,4,6,12C-D TSpt,HOODCL,ar12aw,NA,4_6
755,4,7,12C-D TSpt,HOODCL,hoodsh,NA,4_7
755,4,8,12C-D TSpt,HOODCL,ar12dw,1,4_8
755,4,9,12C-D TSpt,HOODCL,gadamh,NA,4_9
755,4,10,12C-D TSpt,HOODCL,skokrw,NA,4_10
756,4,1,Skok R Spt,HOODCL,ptgamh,NA,4_1
756,4,2,Skok R Spt,HOODCL,ptgamw,NA,4_2
756,4,3,Skok R Spt,HOODCL,ar12bw,NA,4_3
756,4,4,Skok R Spt,HOODCL,qlcnbh,NA,4_4
756,4,5,Skok R Spt,HOODCL,qlcenh,NA,4_5
756,4,6,Skok R Spt,HOODCL,ar12aw,NA,4_6
756,4,7,Skok R Spt,HOODCL,hoodsh,NA,4_7
756,4,8,Skok R Spt,HOODCL,ar12dw,NA,4_8
756,4,9,Skok R Spt,HOODCL,gadamh,1,4_9
756,4,10,Skok R Spt,HOODCL,skokrw,1,4_10
801,17,1,GSMLND Trm,GSMLND,gsmndh,1,17_1
801,17,2,GSMLND Trm,GSMLND,gsmndw,1,17_2
802,18,1,GSVNCI Trm,GSVNCI,gsvcih,1,18_1
802,18,2,GSVNCI Trm,GSVNCI,gsvciw,1,18_2
803,19,1,JNSTRT Trm,JNSTRT,jnstrh,1,19_1
803,19,2,JNSTRT Trm,JNSTRT,jnstrw,1,19_2
804,20,1,SWVNCI Trm,SWVNCI,swvcih,1,20_1
804,20,2,SWVNCI Trm,SWVNCI,swvciw,1,20_2
805,21,1,NWVNCI Trm,NWVNCI,nwvcih,1,21_1
805,21,2,NWVNCI Trm,NWVNCI,nwvciw,1,21_2
806,22,1,FRSLOW Trm,FRSLOW,frslwh,1,22_1
806,22,2,FRSLOW Trm,FRSLOW,frslww,1,22_2
807,23,1,FRSUPP Trm,FRSUPP,frsuph,1,23_1
807,23,2,FRSUPP Trm,FRSUPP,frsupw,1,23_2
808,24,1,THOMPR Trm,THOMPR,thomph,1,24_1
808,24,2,THOMPR Trm,THOMPR,thompw,1,24_2
881,25,1,BCCNTL TTR,BCCNTL,bccnhw,1,25_1
882,26,1,BCNCST TTR,BCNCST,bcnchw,1,26_1
883,27,1,QUEENC TTR,QUEENC,quenhw,1,27_1
884,28,1,NASSRV TTR,NASSRV,nasshw,1,28_1
885,29,1,SKEENA TTR,SKEENA,skeehw,1,29_1
981,30,1,TRANAC TTR,TRANAC,tranhw,1,30_1
982,31,1,NIASKA TTR,NIASKA,niakhw,1,31_1
983,32,1,NOASKA TTR,NOASKA,noakhw,1,32_1
984,33,1,SIASKA TTR,SIASKA,siakhw,1,33_1
985,34,1,SOASKA TTR,SOASKA,soakhw,1,34_1
1311,14,1,Buoy10 S-E,COLRIV,colreh,1,14_1
1311,14,2,Buoy10 S-E,COLRIV,youngh,NA,14_2
1311,14,3,Buoy10 S-E,COLRIV,sandew,1,14_3
1311,14,4,Buoy10 S-E,COLRIV,clakew,1,14_4
1311,14,5,Buoy10 S-E,COLRIV,claklw,NA,14_5
1311,14,6,Buoy10 S-E,COLRIV,colrlh,NA,14_6
1321,14,1,LColRSpt E,COLRIV,colreh,1,14_1
1321,14,2,LColRSpt E,COLRIV,youngh,1,14_2
1321,14,3,LColRSpt E,COLRIV,sandew,1,14_3
1321,14,4,LColRSpt E,COLRIV,clakew,1,14_4
1321,14,5,LColRSpt E,COLRIV,claklw,NA,14_5
1321,14,6,LColRSpt E,COLRIV,colrlh,NA,14_6
1325,14,1,LColRNet E,COLRIV,colreh,1,14_1
1325,14,2,LColRNet E,COLRIV,youngh,NA,14_2
1325,14,3,LColRNet E,COLRIV,sandew,1,14_3
1325,14,4,LColRNet E,COLRIV,clakew,1,14_4
1325,14,5,LColRNet E,COLRIV,claklw,NA,14_5
1325,14,6,LColRNet E,COLRIV,colrlh,NA,14_6
1335,14,1,YngsBNet E,COLRIV,colreh,1,14_1
1335,14,2,YngsBNet E,COLRIV,youngh,NA,14_2
1335,14,3,YngsBNet E,COLRIV,sandew,NA,14_3
1335,14,4,YngsBNet E,COLRIV,clakew,NA,14_4
1335,14,5,YngsBNet E,COLRIV,claklw,NA,14_5
1335,14,6,YngsBNet E,COLRIV,colrlh,NA,14_6
1353,14,1,ClackSp EH,COLRIV,colreh,1,14_1
1353,14,2,ClackSp EH,COLRIV,youngh,NA,14_2
1353,14,3,ClackSp EH,COLRIV,sandew,NA,14_3
1353,14,4,ClackSp EH,COLRIV,clakew,NA,14_4
1353,14,5,ClackSp EH,COLRIV,claklw,NA,14_5
1353,14,6,ClackSp EH,COLRIV,colrlh,NA,14_6
1354,14,1,SandySp EH,COLRIV,colreh,1,14_1
1354,14,2,SandySp EH,COLRIV,youngh,NA,14_2
1354,14,3,SandySp EH,COLRIV,sandew,NA,14_3
1354,14,4,SandySp EH,COLRIV,clakew,NA,14_4
1354,14,5,SandySp EH,COLRIV,claklw,NA,14_5
1354,14,6,SandySp EH,COLRIV,colrlh,NA,14_6
1361,14,1,LCRWTSpt E,COLRIV,colreh,1,14_1
1361,14,2,LCRWTSpt E,COLRIV,youngh,NA,14_2
1361,14,3,LCRWTSpt E,COLRIV,sandew,NA,14_3
1361,14,4,LCRWTSpt E,COLRIV,clakew,NA,14_4
1361,14,5,LCRWTSpt E,COLRIV,claklw,NA,14_5
1361,14,6,LCRWTSpt E,COLRIV,colrlh,NA,14_6
1381,14,1,UpColSpt E,COLRIV,colreh,1,14_1
1381,14,2,UpColSpt E,COLRIV,youngh,NA,14_2
1381,14,3,UpColSpt E,COLRIV,sandew,NA,14_3
1381,14,4,UpColSpt E,COLRIV,clakew,NA,14_4
1381,14,5,UpColSpt E,COLRIV,claklw,NA,14_5
1381,14,6,UpColSpt E,COLRIV,colrlh,NA,14_6
1391,14,1,UpColNet E,COLRIV,colreh,1,14_1
1391,14,2,UpColNet E,COLRIV,youngh,NA,14_2
1391,14,3,UpColNet E,COLRIV,sandew,NA,14_3
1391,14,4,UpColNet E,COLRIV,clakew,NA,14_4
1391,14,5,UpColNet E,COLRIV,claklw,NA,14_5
1391,14,6,UpColNet E,COLRIV,colrlh,NA,14_6
1441,13,1,Wilp Spt W,WILLAP,willaw,1,13_1
1441,13,2,Wilp Spt W,WILLAP,willah,NA,13_2
1443,13,1,Wilp FWS W,WILLAP,willaw,1,13_1
1443,13,2,Wilp FWS W,WILLAP,willah,NA,13_2
1446,13,1,Wilp Net W,WILLAP,willaw,1,13_1
1446,13,2,Wilp Net W,WILLAP,willah,NA,13_2
1456,12,1,Hump Spt W,GRAYHB,chehlw,NA,12_1
1456,12,2,Hump Spt W,GRAYHB,chehlh,NA,12_2
1456,12,3,Hump Spt W,GRAYHB,humptw,1,12_3
1456,12,4,Hump Spt W,GRAYHB,humpth,NA,12_4
1456,12,5,Hump Spt W,GRAYHB,gryhmw,NA,12_5
1456,12,6,Hump Spt W,GRAYHB,gryhbh,NA,12_6
1458,12,1,Hump C&S W,GRAYHB,chehlw,NA,12_1
1458,12,2,Hump C&S W,GRAYHB,chehlh,NA,12_2
1458,12,3,Hump C&S W,GRAYHB,humptw,1,12_3
1458,12,4,Hump C&S W,GRAYHB,humpth,NA,12_4
1458,12,5,Hump C&S W,GRAYHB,gryhmw,NA,12_5
1458,12,6,Hump C&S W,GRAYHB,gryhbh,NA,12_6
1460,12,1,Cheh Spt W,GRAYHB,chehlw,1,12_1
1460,12,2,Cheh Spt W,GRAYHB,chehlh,NA,12_2
1460,12,3,Cheh Spt W,GRAYHB,humptw,NA,12_3
1460,12,4,Cheh Spt W,GRAYHB,humpth,NA,12_4
1460,12,5,Cheh Spt W,GRAYHB,gryhmw,NA,12_5
1460,12,6,Cheh Spt W,GRAYHB,gryhbh,NA,12_6
1462,12,1,UpChehNt W,GRAYHB,chehlw,1,12_1
1462,12,2,UpChehNt W,GRAYHB,chehlh,NA,12_2
1462,12,3,UpChehNt W,GRAYHB,humptw,NA,12_3
1462,12,4,UpChehNt W,GRAYHB,humpth,NA,12_4
1462,12,5,UpChehNt W,GRAYHB,gryhmw,NA,12_5
1462,12,6,UpChehNt W,GRAYHB,gryhbh,NA,12_6
1463,12,1,Cheh C&S W,GRAYHB,chehlw,1,12_1
1463,12,2,Cheh C&S W,GRAYHB,chehlh,NA,12_2
1463,12,3,Cheh C&S W,GRAYHB,humptw,NA,12_3
1463,12,4,Cheh C&S W,GRAYHB,humpth,NA,12_4
1463,12,5,Cheh C&S W,GRAYHB,gryhmw,NA,12_5
1463,12,6,Cheh C&S W,GRAYHB,gryhbh,NA,12_6
1467,12,1,Sats Spt W,GRAYHB,chehlw,1,12_1
1467,12,2,Sats Spt W,GRAYHB,chehlh,NA,12_2
1467,12,3,Sats Spt W,GRAYHB,humptw,NA,12_3
1467,12,4,Sats Spt W,GRAYHB,humpth,NA,12_4
1467,12,5,Sats Spt W,GRAYHB,gryhmw,NA,12_5
1467,12,6,Sats Spt W,GRAYHB,gryhbh,NA,12_6
1471,11,1,Quin Spt W,QUINLT,quinfw,1,11_1
1471,11,2,Quin Spt W,QUINLT,quinfh,NA,11_2
1475,11,1,Quin Net W,QUINLT,quinfw,1,11_1
1475,11,2,Quin Net W,QUINLT,quinfh,NA,11_2
1477,11,1,Quin C&S W,QUINLT,quinfw,1,11_1
1477,11,2,Quin C&S W,QUINLT,quinfh,NA,11_2
1478,10,1,QueetSpt W,QUEETS,quetfw,1,10_1
1478,10,2,QueetSpt W,QUEETS,quetfh,NA,10_2
1478,10,3,QueetSpt W,QUEETS,quetph,NA,10_3
1480,10,1,Clrw Spt W,QUEETS,quetfw,1,10_1
1480,10,2,Clrw Spt W,QUEETS,quetfh,NA,10_2
1480,10,3,Clrw Spt W,QUEETS,quetph,NA,10_3
1484,8,1,Quil Spt S,QUILUT,quilsw,1,8_1
1484,8,2,Quil Spt S,QUILUT,quilsh,1,8_2
1484,8,3,Quil Spt S,QUILUT,quilfw,NA,8_3
1484,8,4,Quil Spt S,QUILUT,quilfh,NA,8_4
1487,8,1,Quil Net S,QUILUT,quilsw,1,8_1
1487,8,2,Quil Net S,QUILUT,quilsh,1,8_2
1487,8,3,Quil Net S,QUILUT,quilfw,NA,8_3
1487,8,4,Quil Net S,QUILUT,quilfh,NA,8_4
1489,8,1,Quil C&S S,QUILUT,quilsw,1,8_1
1489,8,2,Quil C&S S,QUILUT,quilsh,1,8_2
1489,8,3,Quil C&S S,QUILUT,quilfw,NA,8_3
1489,8,4,Quil C&S S,QUILUT,quilfh,NA,8_4
1490,9,1,Hoh Spt W,HOHRIV,hohrvw,1,9_1
1490,9,2,Hoh Spt W,HOHRIV,hohrvh,NA,9_2
1493,9,1,Hoh Net W,HOHRIV,hohrvw,1,9_1
1493,9,2,Hoh Net W,HOHRIV,hohrvh,NA,9_2
1496,7,1,Mak FWS W,MAKAHC,makahw,1,7_1
1496,7,2,Mak FWS W,MAKAHC,makahh,NA,7_2
1497,7,1,Mak Net W,MAKAHC,makahw,1,7_1
1497,7,2,Mak Net W,MAKAHC,makahh,NA,7_2
1498,7,1,Mak C&S W,MAKAHC,makahw,1,7_1
1498,7,2,Mak C&S W,MAKAHC,makahh,NA,7_2
2311,14,1,Buoy10 S-L,COLRIV,colreh,NA,14_1
2311,14,2,Buoy10 S-L,COLRIV,youngh,NA,14_2
2311,14,3,Buoy10 S-L,COLRIV,sandew,NA,14_3
2311,14,4,Buoy10 S-L,COLRIV,clakew,NA,14_4
2311,14,5,Buoy10 S-L,COLRIV,claklw,1,14_5
2311,14,6,Buoy10 S-L,COLRIV,colrlh,1,14_6
2321,14,1,LColRSpt L,COLRIV,colreh,NA,14_1
2321,14,2,LColRSpt L,COLRIV,youngh,NA,14_2
2321,14,3,LColRSpt L,COLRIV,sandew,NA,14_3
2321,14,4,LColRSpt L,COLRIV,clakew,NA,14_4
2321,14,5,LColRSpt L,COLRIV,claklw,1,14_5
2321,14,6,LColRSpt L,COLRIV,colrlh,1,14_6
2325,14,1,LColRNet L,COLRIV,colreh,NA,14_1
2325,14,2,LColRNet L,COLRIV,youngh,NA,14_2
2325,14,3,LColRNet L,COLRIV,sandew,NA,14_3
2325,14,4,LColRNet L,COLRIV,clakew,NA,14_4
2325,14,5,LColRNet L,COLRIV,claklw,1,14_5
2325,14,6,LColRNet L,COLRIV,colrlh,1,14_6
2335,14,1,YngsBNet L,COLRIV,colreh,NA,14_1
2335,14,2,YngsBNet L,COLRIV,youngh,NA,14_2
2335,14,3,YngsBNet L,COLRIV,sandew,NA,14_3
2335,14,4,YngsBNet L,COLRIV,clakew,NA,14_4
2335,14,5,YngsBNet L,COLRIV,claklw,NA,14_5
2335,14,6,YngsBNet L,COLRIV,colrlh,1,14_6
2353,14,1,ClackSp EW,COLRIV,colreh,NA,14_1
2353,14,2,ClackSp EW,COLRIV,youngh,NA,14_2
2353,14,3,ClackSp EW,COLRIV,sandew,NA,14_3
2353,14,4,ClackSp EW,COLRIV,clakew,1,14_4
2353,14,5,ClackSp EW,COLRIV,claklw,NA,14_5
2353,14,6,ClackSp EW,COLRIV,colrlh,NA,14_6
2354,14,1,SandySpt W,COLRIV,colreh,NA,14_1
2354,14,2,SandySpt W,COLRIV,youngh,NA,14_2
2354,14,3,SandySpt W,COLRIV,sandew,1,14_3
2354,14,4,SandySpt W,COLRIV,clakew,NA,14_4
2354,14,5,SandySpt W,COLRIV,claklw,NA,14_5
2354,14,6,SandySpt W,COLRIV,colrlh,NA,14_6
2361,14,1,LCRWTSpt L,COLRIV,colreh,NA,14_1
2361,14,2,LCRWTSpt L,COLRIV,youngh,NA,14_2
2361,14,3,LCRWTSpt L,COLRIV,sandew,NA,14_3
2361,14,4,LCRWTSpt L,COLRIV,clakew,NA,14_4
2361,14,5,LCRWTSpt L,COLRIV,claklw,NA,14_5
2361,14,6,LCRWTSpt L,COLRIV,colrlh,1,14_6
2381,14,1,UpColSpt L,COLRIV,colreh,NA,14_1
2381,14,2,UpColSpt L,COLRIV,youngh,NA,14_2
2381,14,3,UpColSpt L,COLRIV,sandew,NA,14_3
2381,14,4,UpColSpt L,COLRIV,clakew,NA,14_4
2381,14,5,UpColSpt L,COLRIV,claklw,NA,14_5
2381,14,6,UpColSpt L,COLRIV,colrlh,1,14_6
2391,14,1,UpColNet L,COLRIV,colreh,NA,14_1
2391,14,2,UpColNet L,COLRIV,youngh,NA,14_2
2391,14,3,UpColNet L,COLRIV,sandew,NA,14_3
2391,14,4,UpColNet L,COLRIV,clakew,NA,14_4
2391,14,5,UpColNet L,COLRIV,claklw,NA,14_5
2391,14,6,UpColNet L,COLRIV,colrlh,1,14_6
2441,13,1,Wilp Spt H,WILLAP,willaw,NA,13_1
2441,13,2,Wilp Spt H,WILLAP,willah,1,13_2
2443,13,1,Wilp FWS H,WILLAP,willaw,NA,13_1
2443,13,2,Wilp FWS H,WILLAP,willah,1,13_2
2446,13,1,Wilp Net H,WILLAP,willaw,NA,13_1
2446,13,2,Wilp Net H,WILLAP,willah,1,13_2
2456,12,1,Hump Spt H,GRAYHB,chehlw,NA,12_1
2456,12,2,Hump Spt H,GRAYHB,chehlh,NA,12_2
2456,12,3,Hump Spt H,GRAYHB,humptw,NA,12_3
2456,12,4,Hump Spt H,GRAYHB,humpth,1,12_4
2456,12,5,Hump Spt H,GRAYHB,gryhmw,NA,12_5
2456,12,6,Hump Spt H,GRAYHB,gryhbh,NA,12_6
2458,12,1,Hump C&S H,GRAYHB,chehlw,NA,12_1
2458,12,2,Hump C&S H,GRAYHB,chehlh,NA,12_2
2458,12,3,Hump C&S H,GRAYHB,humptw,NA,12_3
2458,12,4,Hump C&S H,GRAYHB,humpth,1,12_4
2458,12,5,Hump C&S H,GRAYHB,gryhmw,NA,12_5
2458,12,6,Hump C&S H,GRAYHB,gryhbh,NA,12_6
2460,12,1,Cheh Spt H,GRAYHB,chehlw,NA,12_1
2460,12,2,Cheh Spt H,GRAYHB,chehlh,1,12_2
2460,12,3,Cheh Spt H,GRAYHB,humptw,NA,12_3
2460,12,4,Cheh Spt H,GRAYHB,humpth,NA,12_4
2460,12,5,Cheh Spt H,GRAYHB,gryhmw,NA,12_5
2460,12,6,Cheh Spt H,GRAYHB,gryhbh,NA,12_6
2462,12,1,UpChehNt H,GRAYHB,chehlw,NA,12_1
2462,12,2,UpChehNt H,GRAYHB,chehlh,1,12_2
2462,12,3,UpChehNt H,GRAYHB,humptw,NA,12_3
2462,12,4,UpChehNt H,GRAYHB,humpth,NA,12_4
2462,12,5,UpChehNt H,GRAYHB,gryhmw,NA,12_5
2462,12,6,UpChehNt H,GRAYHB,gryhbh,NA,12_6
2463,12,1,Cheh C&S H,GRAYHB,chehlw,NA,12_1
2463,12,2,Cheh C&S H,GRAYHB,chehlh,1,12_2
2463,12,3,Cheh C&S H,GRAYHB,humptw,NA,12_3
2463,12,4,Cheh C&S H,GRAYHB,humpth,NA,12_4
2463,12,5,Cheh C&S H,GRAYHB,gryhmw,NA,12_5
2463,12,6,Cheh C&S H,GRAYHB,gryhbh,NA,12_6
2467,12,1,Sats Spt H,GRAYHB,chehlw,NA,12_1
2467,12,2,Sats Spt H,GRAYHB,chehlh,1,12_2
2467,12,3,Sats Spt H,GRAYHB,humptw,NA,12_3
2467,12,4,Sats Spt H,GRAYHB,humpth,NA,12_4
2467,12,5,Sats Spt H,GRAYHB,gryhmw,NA,12_5
2467,12,6,Sats Spt H,GRAYHB,gryhbh,NA,12_6
2471,11,1,Quin Spt H,QUINLT,quinfw,NA,11_1
2471,11,2,Quin Spt H,QUINLT,quinfh,1,11_2
2475,11,1,Quin Net H,QUINLT,quinfw,NA,11_1
2475,11,2,Quin Net H,QUINLT,quinfh,1,11_2
2477,11,1,Quin C&S H,QUINLT,quinfw,NA,11_1
2477,11,2,Quin C&S H,QUINLT,quinfh,1,11_2
2478,10,1,QueetSpt H,QUEETS,quetfw,NA,10_1
2478,10,2,QueetSpt H,QUEETS,quetfh,1,10_2
2478,10,3,QueetSpt H,QUEETS,quetph,NA,10_3
2480,10,1,ClrwtSpt H,QUEETS,quetfw,NA,10_1
2480,10,2,ClrwtSpt H,QUEETS,quetfh,1,10_2
2480,10,3,ClrwtSpt H,QUEETS,quetph,NA,10_3
2484,8,1,Quil Spt F,QUILUT,quilsw,NA,8_1
2484,8,2,Quil Spt F,QUILUT,quilsh,NA,8_2
2484,8,3,Quil Spt F,QUILUT,quilfw,1,8_3
2484,8,4,Quil Spt F,QUILUT,quilfh,1,8_4
2487,8,1,Quil Net F,QUILUT,quilsw,NA,8_1
2487,8,2,Quil Net F,QUILUT,quilsh,NA,8_2
2487,8,3,Quil Net F,QUILUT,quilfw,1,8_3
2487,8,4,Quil Net F,QUILUT,quilfh,1,8_4
2489,8,1,Quil C&S F,QUILUT,quilsw,NA,8_1
2489,8,2,Quil C&S F,QUILUT,quilsh,NA,8_2
2489,8,3,Quil C&S F,QUILUT,quilfw,1,8_3
2489,8,4,Quil C&S F,QUILUT,quilfh,1,8_4
2490,9,1,Hoh Spt H,HOHRIV,hohrvw,NA,9_1
2490,9,2,Hoh Spt H,HOHRIV,hohrvh,1,9_2
2493,9,1,Hoh Net H,HOHRIV,hohrvw,NA,9_1
2493,9,2,Hoh Net H,HOHRIV,hohrvh,1,9_2
2496,7,1,Mak FWS H,MAKAHC,makahw,NA,7_1
2496,7,2,Mak FWS H,MAKAHC,makahh,1,7_2
2497,7,1,Mak Net H,MAKAHC,makahw,NA,7_1
2497,7,2,Mak Net H,MAKAHC,makahh,1,7_2
2498,7,1,Mak C&S H,MAKAHC,makahw,NA,7_1
2498,7,2,Mak C&S H,MAKAHC,makahh,1,7_2
3311,14,1,Buoy10S-YB,COLRIV,colreh,NA,14_1
3311,14,2,Buoy10S-YB,COLRIV,youngh,1,14_2
3311,14,3,Buoy10S-YB,COLRIV,sandew,NA,14_3
3311,14,4,Buoy10S-YB,COLRIV,clakew,NA,14_4
3311,14,5,Buoy10S-YB,COLRIV,claklw,NA,14_5
3311,14,6,Buoy10S-YB,COLRIV,colrlh,NA,14_6
3325,14,1,LColRNt YB,COLRIV,colreh,NA,14_1
3325,14,2,LColRNt YB,COLRIV,youngh,1,14_2
3325,14,3,LColRNt YB,COLRIV,sandew,NA,14_3
3325,14,4,LColRNt YB,COLRIV,clakew,NA,14_4
3325,14,5,LColRNt YB,COLRIV,claklw,NA,14_5
3325,14,6,LColRNt YB,COLRIV,colrlh,NA,14_6
3335,14,1,YngsBNt YB,COLRIV,colreh,NA,14_1
3335,14,2,YngsBNt YB,COLRIV,youngh,1,14_2
3335,14,3,YngsBNt YB,COLRIV,sandew,NA,14_3
3335,14,4,YngsBNt YB,COLRIV,clakew,NA,14_4
3335,14,5,YngsBNt YB,COLRIV,claklw,NA,14_5
3335,14,6,YngsBNt YB,COLRIV,colrlh,NA,14_6
3353,14,1,ClackSpt L,COLRIV,colreh,NA,14_1
3353,14,2,ClackSpt L,COLRIV,youngh,NA,14_2
3353,14,3,ClackSpt L,COLRIV,sandew,NA,14_3
3353,14,4,ClackSpt L,COLRIV,clakew,NA,14_4
3353,14,5,ClackSpt L,COLRIV,claklw,1,14_5
3353,14,6,ClackSpt L,COLRIV,colrlh,NA,14_6
706,4,1,Ar9/9A Net,HOODCL,ptgamh,1,4_1
706,4,2,Ar9/9A Net,HOODCL,ptgamw,1,4_2
706,4,3,Ar9/9A Net,HOODCL,ar12bw,1,4_3
706,4,4,Ar9/9A Net,HOODCL,qlcnbh,NA,4_4
706,4,5,Ar9/9A Net,HOODCL,qlcenh,NA,4_5
706,4,6,Ar9/9A Net,HOODCL,ar12aw,NA,4_6
706,4,7,Ar9/9A Net,HOODCL,hoodsh,NA,4_7
706,4,8,Ar9/9A Net,HOODCL,ar12dw,NA,4_8
706,4,9,Ar9/9A Net,HOODCL,gadamh,NA,4_9
706,4,10,Ar9/9A Net,HOODCL,skokrw,NA,4_10
710,4,10,Ar12CD Net,HOODCL,skokrw,1,4_10
710,4,1,Ar12CD Net,HOODCL,ptgamh,NA,4_1
710,4,2,Ar12CD Net,HOODCL,ptgamw,NA,4_2
710,4,3,Ar12CD Net,HOODCL,ar12bw,NA,4_3
710,4,4,Ar12CD Net,HOODCL,qlcnbh,NA,4_4
710,4,5,Ar12CD Net,HOODCL,qlcenh,NA,4_5
710,4,6,Ar12CD Net,HOODCL,ar12aw,NA,4_6
710,4,7,Ar12CD Net,HOODCL,hoodsh,1,4_7
710,4,8,Ar12CD Net,HOODCL,ar12dw,1,4_8
710,4,9,Ar12CD Net,HOODCL,gadamh,1,4_9
484,8,3,Quilly Spt,QUILUT,quilfw,1,8_3
484,8,4,Quilly Spt,QUILUT,quilfh,1,8_4
1351,14,1,LCROrTS EH,COLRIV,colreh,1,14_1
1351,14,2,LCROrTS EH,COLRIV,youngh,NA,14_2
1351,14,3,LCROrTS EH,COLRIV,sandew,NA,14_3
1351,14,4,LCROrTS EH,COLRIV,clakew,NA,14_4
